PC1,PC2,PC3
-1.4269550593288276,-0.049377985271308336,0.3649184272920292
-1.4269550593288234,-0.049377985271307843,0.3649184272920309
-1.4269550593288236,-0.04937798527130356,0.36491842729203394
-1.4269550593288238,-0.049377985271304325,0.3649184272920304
-0.38380112768088537,-0.212435715005613,-1.1749709255035559
-1.4269550593288238,-0.04937798527130437,0.36491842729203083
0.9729663502727053,0.04392443978670529,-1.580984310613779
0.9729663502727053,0.04392443978670529,-1.580984310613779
0.9729663502727053,0.04392443978670529,-1.580984310613779
0.9729663502727053,0.04392443978670529,-1.580984310613779
0.9729663502727053,0.04392443978670529,-1.580984310613779
-1.6042886502476155,-0.048745635494629604,0.4339651292072913
-1.6042886502476155,-0.048745635494629604,0.4339651292072913
0.5063123105918932,0.045588470702944674,-1.3992876438488884
-1.0193279526195558,-0.050831533403718,0.20620451875552692
-1.0193279526195558,-0.050831533403718,0.20620451875552692
-0.6006966672508401,-0.2116622921853892,-1.0905203620776205
-0.6006966672508401,-0.2116622921853892,-1.0905203620776205
-0.6006966672508401,-0.2116622921853892,-1.0905203620776205
-0.6006966672508401,-0.2116622921853892,-1.0905203620776205
-1.4269550593288238,-0.049377985271304374,0.36491842729203083
-1.4269550593288238,-0.049377985271304374,0.36491842729203083
-0.74529369363081,-0.21114667697190673,-1.0342199864603305
-1.7817486371684876,-0.048112835005355604,0.5030610447376019
-1.5451353212739916,-0.04895656899105425,0.41093315736385444
-0.8438825752535167,-0.2107951211445322,-0.995833366721269
-0.8438825752535167,-0.2107951211445322,-0.995833366721269
-0.8438825752535167,-0.2107951211445322,-0.995833366721269
1.0523036291705685,-0.26860407967047967,3.052791276124837
1.0523036291705685,-0.26860407967047967,3.052791276124837
1.952836975779256,-0.017783227241414738,-0.21586397855271727
2.2222250244266886,-0.2727758754886565,2.5972700552213084
2.2222250244266886,-0.2727758754886565,2.5972700552213084
2.2222250244266886,-0.2727758754886565,2.5972700552213084
-0.3292057812606085,-0.053292424195339146,-0.06250181941790298
-0.3292057812606085,-0.053292424195339146,-0.06250181941790298
-1.4991271765167284,-0.049120628377162315,0.39301940148562575
-1.4991271765167284,-0.049120628377162315,0.39301940148562575
1.8608206862647294,-0.017455108469198677,-0.1800364667962598
1.8608206862647294,-0.017455108469198677,-0.1800364667962598
-0.19319595654365235,-0.2131153896052037,-1.2491850569990743
-0.19319595654365235,-0.2131153896052037,-1.2491850569990743
-1.0193279526195558,-0.050831533403718,0.20620451875552692
-1.098199057917721,-0.050550288741818425,0.236913814546776
0.15130410896218338,-0.20717765730425894,1.6569616482725258
-1.2493686764058713,-0.05001123647317758,0.29577329814667014
-1.2493686764058713,-0.05001123647317758,0.29577329814667014
-1.2493686764058713,-0.05001123647317758,0.29577329814667014
-0.526383544506022,-0.052589312540590225,0.01427142006021969
-0.2738115407267467,0.20770826751832216,0.03818817602748423
-0.2738115407267467,0.20770826751832216,0.03818817602748423
0.34401211744221544,0.20550518433344234,-0.20236797433730072
0.34401211744221544,0.20550518433344234,-0.20236797433730072
-1.4269550593288238,-0.049377985271304374,0.36491842729203083
-1.4269550593288238,-0.049377985271304374,0.36491842729203083
2.4392087917846084,-0.01951756932312878,-0.4052379692654201
2.071143633726504,-0.018205094234264082,-0.261927922239591
3.3075016163900477,-0.17478558868638783,1.1632381274513666
-1.4269550593288238,-0.049377985271304374,0.36491842729203083
-0.3921181986739947,0.20813013451117157,0.08425211971435788
-0.3921181986739947,0.20813013451117157,0.08425211971435788
-1.4269550593288238,-0.049377985271304374,0.36491842729203083
-1.4269550593288238,-0.049377985271304374,0.36491842729203083
-1.4269550593288238,-0.049377985271304374,0.36491842729203083
-1.3150945974876758,-0.049776865921594644,0.3213643779727111
-0.4035189040054266,-0.21236540384013808,-1.1672936015557436
-1.4269550593288238,-0.049377985271304374,0.36491842729203083
-1.6197089625014234,-0.048690648557527395,0.4399691902434008
-1.6197089625014234,-0.048690648557527395,0.4399691902434008
-1.4269550593288238,-0.049377985271304374,0.36491842729203083
-1.4269550593288238,-0.049377985271304374,0.36491842729203083
-1.4269550593288238,-0.049377985271304374,0.36491842729203083
-1.4269550593288238,-0.049377985271304374,0.36491842729203083
-1.4269550593288238,-0.049377985271304374,0.36491842729203083
-1.6765871634376002,-0.04848782788788834,0.46211531701593633
-1.6765871634376002,-0.04848782788788834,0.46211531701593633
-0.5152529698444942,-0.2119669739024471,-1.1237887658514738
-1.5517079133821716,-0.04893313193589597,0.4134922653464586
-1.5517079133821716,-0.04893313193589597,0.4134922653464586
-1.4269550593288238,-0.049377985271304374,0.36491842729203083
-1.4269550593288238,-0.049377985271304374,0.36491842729203083
0.04614263523129622,-0.20680266442172615,1.6979073759941916
0.04614263523129622,-0.20680266442172615,1.6979073759941916
-1.027915154282569,-0.2101388836000999,-0.9241783432083546
-1.027915154282569,-0.2101388836000999,-0.9241783432083546
-1.027915154282569,-0.2101388836000999,-0.9241783432083546
-1.4269550593288238,-0.049377985271304374,0.36491842729203083
-1.4269550593288238,-0.049377985271304374,0.36491842729203083
-1.4269550593288238,-0.049377985271304374,0.36491842729203083
-1.6831597555457811,-0.048464390832730096,0.4646744249985405
-0.3772285355727049,-0.21245915206077123,-1.1775300334861598
-0.3772285355727049,-0.21245915206077123,-1.1775300334861598
-1.4269550593288238,-0.049377985271304374,0.36491842729203083
0.6377641527555024,0.04511972959977879,-1.4504698035009702
0.6377641527555024,0.04511972959977879,-1.4504698035009702
-1.3479575580285779,-0.04965968064580318,0.3341599178857316
-1.3479575580285779,-0.04965968064580318,0.3341599178857316
-1.3479575580285779,-0.04965968064580318,0.3341599178857316
0.32227973156284073,0.04624470824737688,-1.3276326203359738
-1.4269550593288238,-0.049377985271304374,0.36491842729203083
-0.2693417859613654,-0.2056776857741278,1.8207445591591882
-0.2693417859613654,-0.2056776857741278,1.8207445591591882
3.2832258575121602,-0.015361053214214477,2.306416529328269
3.2832258575121602,-0.015361053214214477,2.306416529328269
3.0729029100503844,-0.01461106744914903,2.3883079847716
3.2437903048630767,-0.015220430883264408,2.3217711772238925
0.40973803852401974,0.20527081378185935,-0.22795905416334147
-1.4269550593288238,-0.049377985271304374,0.36491842729203083
-1.4269550593288238,-0.049377985271304374,0.36491842729203083
-1.4269550593288238,-0.049377985271304374,0.36491842729203083
-1.4269550593288238,-0.049377985271304374,0.36491842729203083
-1.4269550593288238,-0.049377985271304374,0.36491842729203083
-1.4269550593288238,-0.049377985271304374,0.36491842729203083
-1.3019494132713147,-0.049823740031911236,0.3162461620075029
-1.3019494132713147,-0.049823740031911236,0.3162461620075029
-1.4269550593288238,-0.049377985271304374,0.36491842729203083
-1.4269550593288238,-0.049377985271304374,0.36491842729203083
-1.4269550593288238,-0.049377985271304374,0.36491842729203083
-1.4269550593288238,-0.049377985271304374,0.36491842729203083
-1.2362234921895103,-0.05005811058349422,0.2906550821814621
-1.2362234921895103,-0.05005811058349422,0.2906550821814621
-1.5451353212739916,-0.04895656899105425,0.41093315736385444
-1.4268286633267437,-0.04937843598390364,0.36486921367698066
-0.5852975089921413,23.84955740406785,0.22541037404017358
-1.8737649266830136,-0.04778471623313949,0.5388885564940591
-1.8737649266830136,-0.04778471623313949,0.5388885564940591
-1.4269550593288238,-0.049377985271304374,0.36491842729203083
-1.4269550593288238,-0.049377985271304374,0.36491842729203083
-1.4269550593288238,-0.049377985271304374,0.36491842729203083
-1.4269550593288238,-0.049377985271304374,0.36491842729203083
-1.5217520608891184,-0.04903995082190588,0.4018286385795898
-1.5217520608891184,-0.04903995082190588,0.4018286385795898
-1.4269550593288238,-0.049377985271304374,0.36491842729203083
-1.466264215975826,-0.04923781365295384,0.3802238615726053
-1.4269550593288238,-0.049377985271304374,0.36491842729203083
-1.4269550593288238,-0.049377985271304374,0.36491842729203083
-1.4269550593288238,-0.049377985271304374,0.36491842729203083
-1.4269550593288238,-0.049377985271304374,0.36491842729203083
-1.474353560108971,-0.04920896804660512,0.3833735329358104
-1.474353560108971,-0.04920896804660512,0.3833735329358104
-1.553351061409217,-0.0489272726721064,0.4141320423421095
-1.553351061409217,-0.0489272726721064,0.4141320423421095
-1.553351061409217,-0.0489272726721064,0.4141320423421095
-1.553351061409217,-0.0489272726721064,0.4141320423421095
-1.727145564269758,-0.0483075428482092,0.4818007630359678
-0.013481995580442071,23.847518380269076,0.002767979553616883
-1.1507797947831646,-0.05036279230055203,0.25738667840760876
-1.5375515611491675,-0.04898361174700615,0.4079803404608497
-1.5375515611491675,-0.04898361174700615,0.4079803404608497
-1.4269550593288238,-0.049377985271304374,0.36491842729203083
1.1728693893985709,0.05037778730113288,1.3814627702751114
-0.31324709337582934,0.20784888984927194,0.053542823923108794
-1.3545301501367584,-0.049636243590644814,0.33671902586833574
-1.4269550593288238,-0.049377985271304374,0.36491842729203083
-1.4269550593288238,-0.049377985271304374,0.36491842729203083
-1.4269550593288238,-0.049377985271304374,0.36491842729203083
-1.4269550593288238,-0.049377985271304374,0.36491842729203083
-0.18836784332040085,0.20740358580126433,0.004919772253630919
-1.4269550593288238,-0.049377985271304374,0.36491842729203083
-1.4269550593288238,-0.049377985271304374,0.36491842729203083
-1.4269550593288238,-0.049377985271304374,0.36491842729203083
-1.727145564269758,-0.0483075428482092,0.4818007630359678
-1.4269550593288238,-0.049377985271304374,0.36491842729203083
2.1264496464724,-0.011236131506354545,2.7568195342665884
-1.4269550593288238,-0.049377985271304374,0.36491842729203083
-1.4269550593288238,-0.049377985271304374,0.36491842729203083
-1.4269550593288238,-0.049377985271304374,0.36491842729203083
-1.2579004065462975,-0.04998081337273171,0.2990952171625505
-1.4269550593288238,-0.049377985271304374,0.36491842729203083
-1.4269550593288238,-0.049377985271304374,0.36491842729203083
-1.4269550593288238,-0.049377985271304374,0.36491842729203083
-1.4269550593288238,-0.049377985271304374,0.36491842729203083
-1.4269550593288238,-0.049377985271304374,0.36491842729203083
-1.4269550593288238,-0.049377985271304374,0.36491842729203083
-1.4269550593288238,-0.049377985271304374,0.36491842729203083
-1.4269550593288238,-0.049377985271304374,0.36491842729203083
-1.4269550593288238,-0.049377985271304374,0.36491842729203083
-1.4269550593288238,-0.049377985271304374,0.36491842729203083
-1.4269550593288238,-0.049377985271304374,0.36491842729203083
-1.4269550593288238,-0.049377985271304374,0.36491842729203083
-1.4269550593288238,-0.049377985271304374,0.36491842729203083
-1.4269550593288238,-0.049377985271304374,0.36491842729203083
-1.4269550593288238,-0.049377985271304374,0.36491842729203083
-1.4269550593288238,-0.049377985271304374,0.36491842729203083
-1.4269550593288238,-0.049377985271304374,0.36491842729203083
-1.4269550593288238,-0.049377985271304374,0.36491842729203083
-1.4269550593288238,-0.049377985271304374,0.36491842729203083
-1.4269550593288238,-0.049377985271304374,0.36491842729203083
-1.4269550593288238,-0.049377985271304374,0.36491842729203083
-1.4269550593288238,-0.049377985271304374,0.36491842729203083
-1.4269550593288238,-0.049377985271304374,0.36491842729203083
-1.4269550593288238,-0.049377985271304374,0.36491842729203083
-1.4269550593288238,-0.049377985271304374,0.36491842729203083
-1.4269550593288238,-0.049377985271304374,0.36491842729203083
-1.4269550593288238,-0.049377985271304374,0.36491842729203083
-1.4269550593288238,-0.049377985271304374,0.36491842729203083
-1.4269550593288238,-0.049377985271304374,0.36491842729203083
-1.4269550593288238,-0.049377985271304374,0.36491842729203083
-1.4269550593288238,-0.049377985271304374,0.36491842729203083
-1.4269550593288238,-0.049377985271304374,0.36491842729203083
-1.4269550593288238,-0.049377985271304374,0.36491842729203083
-1.4269550593288238,-0.049377985271304374,0.36491842729203083
-1.4269550593288238,-0.049377985271304374,0.36491842729203083
-1.4269550593288238,-0.049377985271304374,0.36491842729203083
-1.4269550593288238,-0.049377985271304374,0.36491842729203083
-1.4269550593288238,-0.049377985271304374,0.36491842729203083
-1.4269550593288238,-0.049377985271304374,0.36491842729203083
-1.4269550593288238,-0.049377985271304374,0.36491842729203083
-1.4269550593288238,-0.049377985271304374,0.36491842729203083
-1.4269550593288238,-0.049377985271304374,0.36491842729203083
-1.4269550593288238,-0.049377985271304374,0.36491842729203083
-1.4269550593288238,-0.049377985271304374,0.36491842729203083
-1.4269550593288238,-0.049377985271304374,0.36491842729203083
-1.4269550593288238,-0.049377985271304374,0.36491842729203083
-1.4269550593288238,-0.049377985271304374,0.36491842729203083
-1.4269550593288238,-0.049377985271304374,0.36491842729203083
-1.4269550593288238,-0.049377985271304374,0.36491842729203083
-1.4269550593288238,-0.049377985271304374,0.36491842729203083
-0.8090050051577811,-0.05158151916878348,0.12431306331219581
-1.4269550593288238,-0.049377985271304374,0.36491842729203083
-1.4269550593288238,-0.049377985271304374,0.36491842729203083
-1.4269550593288238,-0.049377985271304374,0.36491842729203083
-1.4269550593288238,-0.049377985271304374,0.36491842729203083
-1.4269550593288238,-0.049377985271304374,0.36491842729203083
-1.4269550593288238,-0.049377985271304374,0.36491842729203083
-1.4269550593288238,-0.049377985271304374,0.36491842729203083
-1.4269550593288238,-0.049377985271304374,0.36491842729203083
-1.4269550593288238,-0.049377985271304374,0.36491842729203083
-1.4269550593288238,-0.049377985271304374,0.36491842729203083
-1.4269550593288238,-0.049377985271304374,0.36491842729203083
-1.4269550593288238,-0.049377985271304374,0.36491842729203083
-1.4269550593288238,-0.049377985271304374,0.36491842729203083
-1.4269550593288238,-0.049377985271304374,0.36491842729203083
-1.4269550593288238,-0.049377985271304374,0.36491842729203083
-1.4269550593288238,-0.049377985271304374,0.36491842729203083
-1.4269550593288238,-0.049377985271304374,0.36491842729203083
-1.4269550593288238,-0.049377985271304374,0.36491842729203083
-1.4269550593288238,-0.049377985271304374,0.36491842729203083
-1.4269550593288238,-0.049377985271304374,0.36491842729203083
-1.2165057158649688,-0.05012842174896901,0.2829777582336496
-0.4007936281249744,-0.20520894467096215,1.8719267188112698
-0.4007936281249744,-0.20520894467096215,1.8719267188112698
-0.49553519351995295,-0.21203728506792197,-1.131466089799286
-1.4269550593288238,-0.049377985271304374,0.36491842729203083
-1.4269550593288238,-0.049377985271304374,0.36491842729203083
-1.0456183210522774,-0.05073778518308477,0.2164409506859432
-1.4269550593288238,-0.049377985271304374,0.36491842729203083
-1.4269550593288238,-0.049377985271304374,0.36491842729203083
-1.4269550593288238,-0.049377985271304374,0.36491842729203083
-1.4269550593288238,-0.049377985271304374,0.36491842729203083
-1.6519399430319233,-0.04857571684473188,0.452518662081171
-1.4269550593288238,-0.049377985271304374,0.36491842729203083
-1.4269550593288238,-0.049377985271304374,0.36491842729203083
-1.7883212292766681,-0.04808939795019734,0.5056201527202059
-1.7883212292766681,-0.04808939795019734,0.5056201527202059
-1.4269550593288238,-0.049377985271304374,0.36491842729203083
-1.4269550593288238,-0.049377985271304374,0.36491842729203083
-1.4269550593288238,-0.049377985271304374,0.36491842729203083
-1.4269550593288238,-0.049377985271304374,0.36491842729203083
-1.4269550593288238,-0.049377985271304374,0.36491842729203083
-1.4269550593288238,-0.049377985271304374,0.36491842729203083
-1.4269550593288238,-0.049377985271304374,0.36491842729203083
-1.2953768211631347,-0.049847177087069525,0.3136870540248989
-1.2953768211631347,-0.049847177087069525,0.3136870540248989
-1.3827354180009983,-0.04953566707413387,0.34770104406676083
-1.3827354180009983,-0.04953566707413387,0.34770104406676083
-1.4269550593288238,-0.049377985271304374,0.36491842729203083
-1.4269550593288238,-0.049377985271304374,0.36491842729203083
-1.439973847543104,-0.04933156187358699,0.3699874296421889
-1.439973847543104,-0.04933156187358699,0.3699874296421889
-1.4269550593288238,-0.049377985271304374,0.36491842729203083
-1.4269550593288238,-0.049377985271304374,0.36491842729203083
-1.4269550593288238,-0.049377985271304374,0.36491842729203083
-1.4269550593288238,-0.049377985271304374,0.36491842729203083
-1.4269550593288238,-0.049377985271304374,0.36491842729203083
-0.09845439114867358,-0.206287049208244,1.7542077516114816
-1.4269550593288238,-0.049377985271304374,0.36491842729203083
-1.4269550593288238,-0.049377985271304374,0.36491842729203083
-1.4269550593288238,-0.049377985271304374,0.36491842729203083
-1.4269550593288238,-0.049377985271304374,0.36491842729203083
-1.4269550593288238,-0.049377985271304374,0.36491842729203083
0.9729663502727053,0.04392443978670529,-1.580984310613779
0.30805070162864046,0.04629544721823176,-1.322092397621711
0.5484731391214284,0.052604307541171166,1.6245780286225
-1.3413849659203976,-0.0496831177009615,0.3316008099031276
-1.3413849659203976,-0.0496831177009615,0.3316008099031276
0.9729663502727053,0.04392443978670529,-1.580984310613779
0.9729663502727053,0.04392443978670529,-1.580984310613779
0.9729663502727053,0.04392443978670529,-1.580984310613779
0.9729663502727053,0.04392443978670529,-1.580984310613779
0.07900559577219846,-0.20691984969751775,1.685111836081171
0.9729663502727053,0.04392443978670529,-1.580984310613779
0.9729663502727053,0.04392443978670529,-1.580984310613779
2.507659988746866,-0.012595480705535584,2.6083912712755515
2.507659988746866,-0.012595480705535584,2.6083912712755515
2.507659988746866,-0.012595480705535584,2.6083912712755515
0.7998198531792586,-0.27486993074364047,0.11081705909677937
2.3011843575128195,-0.01902539116480451,-0.35149670163073415
-0.29835743027453954,-0.2127403967226709,-1.208239329277409
3.110323853144634,-0.1740824770316391,1.2400113669294899
3.110323853144634,-0.1740824770316391,1.2400113669294899
2.136869554808308,-0.018439464785847102,-0.2875190020656318
-1.1047716500259015,-0.05052685168666018,0.2394729225293801
1.9922725284283385,-0.017923849572364547,-0.23121862644834182
1.9922725284283385,-0.017923849572364547,-0.23121862644834182
1.3698908877060292,0.14363345791921386,1.144838601845533
2.4222162913405203,-0.012290798988477503,2.6416596750494055
1.1597242051822099,0.05042466141144943,1.3865809862403196
1.1662967972903906,0.05040122435629115,1.3840218782577154
0.35715730165857634,0.20545831022312572,-0.20748619030250884
0.29974845156988134,-0.21487316874207585,-1.4411181556943817
0.86395756031409,0.051479328893572734,1.5017408454575036
0.86395756031409,0.051479328893572734,1.5017408454575036
-0.3509381671399831,-0.2125529002814045,-1.1877664654165758
2.7882668398437924,-0.17293406132888262,1.3654076580770906
2.2053207517705653,-0.011517376168253447,2.72611023847534
2.2053207517705653,-0.011517376168253447,2.72611023847534
0.2980039726849522,0.2056692437195504,-0.18445421845907203
-0.232631509192735,-0.21297476727425382,-1.2338304091034495
1.3633182955978487,0.14365689497437217,1.1473977098281367
1.3633182955978487,0.14365689497437217,1.1473977098281367
2.268321396971918,-0.018908205889013006,-0.33870116171771375
1.1023153550935152,-0.3699068175537521,0.1529490208484467
1.1023153550935152,-0.3699068175537521,0.1529490208484467
1.1023153550935152,-0.3699068175537521,0.1529490208484467
2.750845896749542,-0.013462651746392107,2.5137042759192
2.750845896749542,-0.013462651746392107,2.5137042759192
2.4682244360977834,-0.01245485837458569,2.623745919171176
2.167629678006411,-0.43191916629893046,1.4848009491356555
-1.2427960842976908,-0.05003467352833597,0.2932141901640661
-1.2427960842976908,-0.05003467352833597,0.2932141901640661
1.3437567842112625,0.049768423867016964,1.3149259627274048
-0.8747309262395856,-0.05134714861720054,0.14990414313823683
2.045009530231737,-0.11207012828646108,-0.09184056135771863
2.045009530231737,-0.11207012828646108,-0.09184056135771863
2.045009530231737,-0.11207012828646108,-0.09184056135771863
0.39433375202690457,-0.114086046072286,1.4024237239647184
1.7819495809665642,-0.017173863807299055,-0.14932717100501064
1.7819495809665642,-0.017173863807299055,-0.14932717100501064
0.6574819290800437,0.04504941843430374,-1.4581471274487825
0.8875226528663595,0.04422912150376345,-1.5477159068399258
2.3143295417291805,-0.019072265275121052,-0.3566149175959423
2.3143295417291805,-0.019072265275121052,-0.3566149175959423
1.205576085001518,0.14421938429817133,1.2088163014106352
1.205576085001518,0.14421938429817133,1.2088163014106352
3.596695669149987,-0.175816819113353,1.0506373762167864
0.02852769624955395,0.2066301629810405,-0.07953079117230413
0.02852769624955395,0.2066301629810405,-0.07953079117230413
2.1198770543642196,-0.011212694451196043,2.7593786422491933
0.08557818788037891,-0.20694328675267612,1.6825527280985668
-0.7629968604005181,-0.05174557855489156,0.1063993074339672
-0.7629968604005181,-0.05174557855489156,0.1063993074339672
-0.2503346759624431,-0.053573668857238736,-0.09321111520915215
-1.1507797947831646,-0.05036279230055203,0.25738667840760876
2.612821462477753,-0.01297047358806846,2.5674455435538865
0.9229546243497592,0.14522717766997814,1.318857944662611
0.9729663502727053,0.04392443978670529,-1.580984310613779
0.9729663502727053,0.04392443978670529,-1.580984310613779
0.9729663502727053,0.04392443978670529,-1.580984310613779
-1.5385627291658108,-0.0489800060462125,0.4083740493812502
0.42213257320635145,0.04588864529401047,-1.366511376225536
0.42213257320635145,0.04588864529401047,-1.366511376225536
-0.042026338055502044,-0.21365444187384433,-1.308044540598969
1.394078418795952,-0.26982280653871127,2.919717661029424
-0.4184085671067167,0.20822388273180473,0.09448855164477431
-0.4184085671067167,0.20822388273180473,0.09448855164477431
0.05481806468227573,0.20653641476040735,-0.08976722310272052
0.9729663502727053,0.04392443978670529,-1.580984310613779
0.9729663502727053,0.04392443978670529,-1.580984310613779
-0.20151302753676176,0.20745045991158093,0.010037988218839146
1.0341342888011626,0.20304429354182116,-0.47107431251073056
1.0341342888011626,0.20304429354182116,-0.47107431251073056
1.8162727496746358,0.20025528397798398,-0.775608162440618
-0.4935205839651198,-0.05270649781638176,0.0014758801471993026
-0.4935205839651198,-0.05270649781638176,0.0014758801471993026
-1.2690864527304127,-0.04994092530770268,0.3034506220944825
-1.2690864527304127,-0.04994092530770268,0.3034506220944825
-0.08977896169769412,0.20705202997388994,-0.03346684748543046
2.7678383971936307,-0.020689422081043615,-0.5331933683956249
2.7678383971936307,-0.020689422081043615,-0.5331933683956249
2.4720717523255114,-0.019634754598920126,-0.4180335091784407
2.721830252436368,-0.020525362694935528,-0.5152796125173962
2.721830252436368,-0.020525362694935528,-0.5152796125173962
-0.7564242682923377,-0.051769015610049866,0.10384019945136308
0.40973803852401974,0.20527081378185935,-0.22795905416334147
1.0847004161117724,0.04352600984901455,-1.6244891463180484
0.8743774686499982,0.04427599561408011,-1.5425976908747177
0.8940952449745395,0.04420568444860528,-1.5502750148225297
0.8940952449745395,0.04420568444860528,-1.5502750148225297
0.0022373278168321517,0.20672391120167374,-0.06929435924188779
0.45574618328128297,0.20510675439575127,-0.24587281004157038
-1.025900544727736,-0.050808096348559706,0.20876362673813095
0.97945071459292,-0.21013072625420454,1.33451404246441
0.97945071459292,-0.21013072625420454,1.33451404246441
0.035100288357734384,0.20660672592588225,-0.08208989915490829
0.035100288357734384,0.20660672592588225,-0.08208989915490829
0.8940952449745395,0.04420568444860528,-1.5502750148225297
0.790948380798486,0.20391146458267817,-0.3763873171543791
0.9203856134072612,0.04411193622797195,-1.5605114467529466
2.564088041840038,-0.01996287337113633,-0.4538610209348979
4.0041963798571745,-0.17726991653316737,0.8919726812953328
-0.907593886780488,-0.051229963341409036,0.16269968305125726
-0.6381176103450895,-0.0521908826028992,0.057776255764489366
-1.203360531648608,-0.05017529585928569,0.27785954226844145
-1.203360531648608,-0.05017529585928569,0.27785954226844145
0.9006678370827202,0.04418224739344678,-1.5528341228051343
2.1500147390246696,-0.01848633889616364,-0.29263721803084014
3.228630511091882,-0.1745043440244884,1.193947423242616
2.2184659359869263,-0.01156425027857043,2.7209920225101323
2.6391118309104753,-0.013064221808701577,2.557209111623469
2.6391118309104753,-0.013064221808701577,2.557209111623469
1.2648856789130971,0.05004966852891653,1.3456352585186537
1.2648856789130971,0.05004966852891653,1.3456352585186537
-0.2720670618418176,-0.21283414494330408,-1.2184757612078254
2.9826310994207867,-0.43482536113855924,1.1674715592927476
0.74949821859457,0.04472129966208773,-1.4939746392052402
0.74949821859457,0.04472129966208773,-1.4939746392052402
1.0452648634626902,0.04366663217996422,-1.609134498422424
1.4659107583862385,0.04216666064983331,-1.7729174093090863
3.399517905904574,-0.17511370745860405,1.12741061569491
3.399517905904574,-0.17511370745860405,1.12741061569491
1.7360977011472563,-0.11096858669402096,0.02843751382467366
1.7360977011472563,-0.11096858669402096,0.02843751382467366
0.021955104141373492,0.20665360003619881,-0.07697168318970007
2.5733859098286707,-0.012829851257118566,2.582800191449511
2.5733859098286707,-0.012829851257118566,2.582800191449511
0.8215522390586341,-0.1156094546575754,1.2360817050954522
-0.0268665442843078,-0.054370528732620826,-0.1802207866176914
2.6062488703695723,-0.012947036532909729,2.5700046515364905
1.277874598191503,0.1439615766914301,1.1806661136019896
1.277874598191503,0.1439615766914301,1.1806661136019896
1.8018236222290611,-0.11120295724560396,0.0028464339986327123
0.6134883938776139,0.20454426507195217,-0.3072914016240686
1.7445286378723148,0.14229754577519102,0.9989694468370991
1.7445286378723148,0.14229754577519102,0.9989694468370991
1.2713020060833229,0.1439850137465884,1.183225221584594
1.2713020060833229,0.1439850137465884,1.183225221584594
0.08768102522317797,0.20641922948461588,-0.10256276301574102
2.0778724907726396,-0.11218731356225249,-0.10463610127073915
1.323882742948766,0.143797517305322,1.1627523577237615
2.763991080965903,-0.013509525856709295,2.508586059953992
2.763991080965903,-0.013509525856709295,2.508586059953992
2.373482870702805,-0.019283198771545725,-0.3796468894393793
-0.3246477987072613,-0.21264664850203785,-1.1980028973469927
-0.3246477987072613,-0.21264664850203785,-1.1980028973469927
1.0808530998840449,0.05070590607334899,1.4172902820315687
0.1862699068458847,0.20606767365724146,-0.1409493827548024
2.550942857623677,-0.019915999260819703,-0.44874280496969005
2.1848923091204053,0.14072726307958514,0.827509212002625
2.1848923091204053,0.14072726307958514,0.827509212002625
0.3834476700912982,0.20536456200249256,-0.21772262223292527
0.3834476700912982,0.20536456200249256,-0.21772262223292527
-0.730133899859616,-0.051862763830683056,0.09360376752094672
-0.730133899859616,-0.051862763830683056,0.09360376752094672
2.6233976357516164,-0.11413258914039119,-0.317042063826879
2.6233976357516164,-0.11413258914039119,-0.317042063826879
-1.96578121619754,-0.04745659746092324,0.5747160682505164
3.682139366556334,-0.1761215008304108,1.0173689724429333
3.682139366556334,-0.1761215008304108,1.0173689724429333
1.2621604030326448,0.042893209359740496,-1.6935850618483592
-0.05034340904861144,0.2069114076429401,-0.04882149538105501
-0.05034340904861144,0.2069114076429401,-0.04882149538105501
0.396592854307659,0.20531768789217597,-0.22284083819813338
-0.8484405578068637,-0.05144089683783369,0.1396677112078204
0.3505847095503959,0.20548174727828403,-0.2049270823199048
0.05481806468227573,0.20653641476040735,-0.08976722310272052
0.6377641527555024,0.04511972959977879,-1.4504698035009702
0.6377641527555024,0.04511972959977879,-1.4504698035009702
2.268321396971918,-0.018908205889013006,-0.33870116171771375
0.22570545949496737,0.20592705132629163,-0.156304030650427
0.7560708107027503,0.04469786260692956,-1.4965337471878442
3.241775695308243,-0.17455121813480498,1.1888292072774076
3.241775695308243,-0.17455121813480498,1.1888292072774076
0.9598211660563445,0.04397131389702225,-1.5758660946485712
0.72039434649343,-0.21637314027220675,-1.604901066581044
0.72039434649343,-0.21637314027220675,-1.604901066581044
-0.102924145914055,0.2070989040842065,-0.02834863152022223
-0.102924145914055,0.2070989040842065,-0.02834863152022223
1.2161522582753819,0.04305726874584853,-1.6756713059701307
1.1241359687608552,0.04338538751806476,-1.6398437942136734
0.008809919925012599,0.20670047414651546,-0.07185346722449189
0.008809919925012599,0.20670047414651546,-0.07185346722449189
-0.1817952512122204,0.20738014874610602,0.002360664271026872
1.3147411398980886,0.04270571291847427,-1.7140579257091921
-0.2917848381663591,-0.21276383377782923,-1.210798437260013
0.1862699068458847,0.20606767365724146,-0.1409493827548024
0.1862699068458847,0.20606767365724146,-0.1409493827548024
0.4163106306322005,0.20524737672670104,-0.2305181621459456
0.4163106306322005,0.20524737672670104,-0.2305181621459456
1.5604960588432621,0.14295378331962338,1.0706244703500138
1.5999316114923448,0.14281316098867344,1.0552698224543895
2.373482870702805,-0.019283198771545725,-0.3796468894393793
2.373482870702805,-0.019283198771545725,-0.3796468894393793
0.8172387492312079,0.203817716362045,-0.3866237490847954
-0.14893229067131816,0.20726296347031453,-0.0104348756419936
1.0649826397872315,0.043596321014489396,-1.6168118223702366
0.20598768317042604,0.20599736249176653,-0.14862670670261469
1.0452648634626902,0.04366663217996422,-1.609134498422424
2.3011843575128195,-0.01902539116480451,-0.35149670163073415
1.5146441790239542,0.04915906043290131,1.2483891551796984
0.8328390786581168,-0.3689458982922622,0.25787244813521476
3.5046793796354607,-0.17548870034113662,1.086464887973244
3.5046793796354607,-0.17548870034113662,1.086464887973244
0.23227805160314785,0.2059036142711334,-0.1588631386330311
1.2227248503835624,0.04303383169069028,-1.6782304139527346
1.7813951795789003,0.04104168200223516,-1.8957545924740828
0.10082620943953888,0.20637235537429927,-0.10768097898094915
0.10082620943953888,0.20637235537429927,-0.10768097898094915
0.3111491569013132,0.20562236960923372,-0.18957243442428023
0.3111491569013132,0.20562236960923372,-0.18957243442428023
2.097590267097181,-0.11225762472772732,-0.11231342521855153
0.43120029373349017,-0.21534190984524185,-1.4923003153464633
0.43120029373349017,-0.21534190984524185,-1.4923003153464633
0.8189832281161367,-0.21672469609958125,-1.643287686320105
0.5128849027000738,0.04556503364778641,-1.4018467518314923
0.43120029373349017,-0.21534190984524185,-1.4923003153464633
0.43120029373349017,-0.21534190984524185,-1.4923003153464633
1.4949264026994131,0.04922937159837615,1.2560664791275107
1.4949264026994131,0.04922937159837615,1.2560664791275107
0.3748604684282843,0.04605721180611071,-1.3481054841968065
1.113005394099328,0.2027630488799216,-0.5017836083019799
-0.1817952512122204,0.20738014874610602,0.002360664271026872
-0.1817952512122204,0.20738014874610602,0.002360664271026872
1.1372811529772164,0.04333851340774822,-1.6449620101788818
1.1372811529772164,0.04333851340774822,-1.6449620101788818
2.4523539760009703,-0.019564443433445256,-0.4103561852306284
-0.5612611146017575,-0.21180291451633904,-1.1058750099732448
-0.5612611146017575,-0.21180291451633904,-1.1058750099732448
0.0631351356753851,-0.2140294347563774,-1.3489902683206338
2.0863034274976986,0.14107881890695967,0.8658958317416864
2.3537650943782635,-0.01921288760607082,-0.37196956549156707
2.3537650943782635,-0.01921288760607082,-0.37196956549156707
1.1372811529772164,0.04333851340774822,-1.6449620101788818
1.1372811529772164,0.04333851340774822,-1.6449620101788818
0.7823611791354722,0.04460411438629592,-1.5067701791182602
2.610252451535256,-0.11408571503007452,-0.31192384786167077
1.4290442166796533,0.14342252442278927,1.1218066300020957
0.9729663502727053,0.04392443978670529,-1.580984310613779
0.9729663502727053,0.04392443978670529,-1.580984310613779
0.9729663502727053,0.04392443978670529,-1.580984310613779
0.3273355716460564,0.046226679743408966,-1.3296011649379769
0.3273355716460564,0.046226679743408966,-1.3296011649379769
-1.4269550593288238,-0.049377985271304374,0.36491842729203083
1.15315161307403,0.0504480984666077,1.3891400942229233
1.15315161307403,0.0504480984666077,1.3891400942229233
-1.492554584408548,-0.04914406543232058,0.3904602935030217
-1.492554584408548,-0.04914406543232058,0.3904602935030217
-1.4269550593288238,-0.049377985271304374,0.36491842729203083
-1.4269550593288238,-0.049377985271304374,0.36491842729203083
-0.11432485124548691,-0.2133966342671032,-1.2798943527903237
-0.11432485124548691,-0.2133966342671032,-1.2798943527903237
2.139040429301097,0.04693254019286327,1.0052738968323094
2.139040429301097,0.04693254019286327,1.0052738968323094
2.971034351159562,0.036799575018583254,-2.3589531373254236
2.971034351159562,0.036799575018583254,-2.3589531373254236
2.971034351159562,0.036799575018583254,-2.3589531373254236
2.188895890286088,0.03958858458242084,-2.054419287395537
2.188895890286088,0.03958858458242084,-2.054419287395537
1.2641750125874787,0.20222399661128085,-0.560643091901874
1.9304619607242517,-0.3728598865036976,-0.16949858495966924
-1.5385627291658108,-0.0489800060462125,0.4083740493812502
-1.4269550593288238,-0.049377985271304374,0.36491842729203083
-1.4269550593288238,-0.049377985271304374,0.36491842729203083
-1.4269550593288238,-0.049377985271304374,0.36491842729203083
2.967741436319497,-0.014236074566616574,2.4292537124932654
2.967741436319497,-0.014236074566616574,2.4292537124932654
-1.4269550593288238,-0.049377985271304374,0.36491842729203083
-1.4269550593288238,-0.049377985271304374,0.36491842729203083
-1.4269550593288238,-0.049377985271304374,0.36491842729203083
-1.4269550593288238,-0.049377985271304374,0.36491842729203083
-1.82118418981757,-0.047972212674405844,0.5184156926332264
-1.82118418981757,-0.047972212674405844,0.5184156926332264
-1.82118418981757,-0.047972212674405844,0.5184156926332264
0.9729663502727053,0.04392443978670529,-1.580984310613779
0.9729663502727053,0.04392443978670529,-1.580984310613779
-1.3676753343531192,-0.04958936948032824,0.3418372418335439
-1.3676753343531192,-0.04958936948032824,0.3418372418335439
-1.4269550593288238,-0.049377985271304374,0.36491842729203083
-1.4269550593288238,-0.049377985271304374,0.36491842729203083
-1.474353560108971,-0.04920896804660512,0.3833735329358104
-1.7397851644777962,-0.048262471588289356,0.48672212454097585
-1.7397851644777962,-0.048262471588289356,0.48672212454097585
-1.4268286633267437,-0.04937843598390364,0.36486921367698066
-1.4269550593288238,-0.049377985271304374,0.36491842729203083
-1.4269550593288238,-0.049377985271304374,0.36491842729203083
-1.4269550593288238,-0.049377985271304374,0.36491842729203083
-1.4269550593288238,-0.049377985271304374,0.36491842729203083
-1.4269550593288238,-0.049377985271304374,0.36491842729203083
-0.7321485094144491,-0.21119355108222326,-1.0393382024255386
-0.7321485094144491,-0.21119355108222326,-1.0393382024255386
-0.7321485094144491,-0.21119355108222326,-1.0393382024255386
-0.7321485094144491,-0.21119355108222326,-1.0393382024255386
-0.47309214131495914,-0.2049511370642209,1.9000769066199148
-1.4269550593288238,-0.049377985271304374,0.36491842729203083
-1.4269550593288238,-0.049377985271304374,0.36491842729203083
-1.4269550593288238,-0.049377985271304374,0.36491842729203083
2.130453227638083,-0.11237481000351894,-0.12510896513157185
2.130453227638083,-0.11237481000351894,-0.12510896513157185
-1.4269550593288238,-0.049377985271304374,0.36491842729203083
-1.4269550593288238,-0.049377985271304374,0.36491842729203083
-1.4269550593288238,-0.049377985271304374,0.36491842729203083
-1.4269550593288238,-0.049377985271304374,0.36491842729203083
0.7823611791354722,0.04460411438629592,-1.5067701791182602
-1.4269550593288238,-0.049377985271304374,0.36491842729203083
-1.4269550593288238,-0.049377985271304374,0.36491842729203083
-1.4269550593288238,-0.049377985271304374,0.36491842729203083
-1.4269550593288238,-0.049377985271304374,0.36491842729203083
-1.4269550593288238,-0.049377985271304374,0.36491842729203083
-1.4269550593288238,-0.049377985271304374,0.36491842729203083
1.6833606993438572,-0.016822307979924643,-0.11094055126594922
1.6833606993438572,-0.016822307979924643,-0.11094055126594922
0.4319109600591093,-0.3675162379276059,0.41397803507406444
0.9729663502727053,0.04392443978670529,-1.580984310613779
0.9729663502727053,0.04392443978670529,-1.580984310613779
0.9729663502727053,0.04392443978670529,-1.580984310613779
0.9729663502727053,0.04392443978670529,-1.580984310613779
0.9729663502727053,0.04392443978670529,-1.580984310613779
0.9729663502727053,0.04392443978670529,-1.580984310613779
0.9729663502727053,0.04392443978670529,-1.580984310613779
0.9729663502727053,0.04392443978670529,-1.580984310613779
-1.4269550593288238,-0.049377985271304374,0.36491842729203083
-1.4269550593288238,-0.049377985271304374,0.36491842729203083
1.998845120536519,-0.017947286627522808,-0.23377773443094593
-1.334812373812217,-0.04970655475611973,0.32904170192052346
-1.7817486371684876,-0.048112835005355604,0.5030610447376019
-1.7817486371684876,-0.048112835005355604,0.5030610447376019
0.2628819098632956,-0.11361730496912,1.4536058836168004
0.2628819098632956,-0.11361730496912,1.4536058836168004
0.2628819098632956,-0.11361730496912,1.4536058836168004
-0.7321485094144491,-0.21119355108222326,-1.0393382024255386
-0.7321485094144491,-0.21119355108222326,-1.0393382024255386
-1.4269550593288238,-0.049377985271304374,0.36491842729203083
-1.8803375187911942,-0.04776127917798117,0.5414476644766634
-1.8803375187911942,-0.04776127917798117,0.5414476644766634
-1.4269550593288238,-0.049377985271304374,0.36491842729203083
-1.4268286633267437,-0.04937843598390364,0.36486921367698066
1.5539234667350814,0.1429772203747816,1.073183578332618
-1.4269550593288238,-0.049377985271304374,0.36491842729203083
-1.4269550593288238,-0.049377985271304374,0.36491842729203083
-1.4269550593288238,-0.049377985271304374,0.36491842729203083
-1.512272360733089,-0.04907375426684578,0.398137617450834
-1.4269550593288238,-0.049377985271304374,0.36491842729203083
0.9729663502727053,0.04392443978670529,-1.580984310613779
-1.4269550593288238,-0.049377985271304374,0.36491842729203083
-1.4269550593288238,-0.049377985271304374,0.36491842729203083
0.9729663502727053,0.04392443978670529,-1.580984310613779
0.9729663502727053,0.04392443978670529,-1.580984310613779
-1.7745440650499051,-0.04813852562350988,0.5002558686797474
-1.7745440650499051,-0.04813852562350988,0.5002558686797474
0.9729663502727053,0.04392443978670529,-1.580984310613779
3.3949599233512266,-0.015759483151905472,2.2629116936239986
3.3949599233512266,-0.015759483151905472,2.2629116936239986
-1.4269550593288238,-0.049377985271304374,0.36491842729203083
0.4251821030129736,-0.2735340185996177,0.25668621410521275
0.4251821030129736,-0.2735340185996177,0.25668621410521275
4.687745959107942,-0.17970737026963016,0.6258254511045068
4.687745959107942,-0.17970737026963016,0.6258254511045068
4.687745959107942,-0.17970737026963016,0.6258254511045068
1.9858562012581134,-0.11185919479003627,-0.06880858951428187
1.9858562012581134,-0.11185919479003627,-0.06880858951428187
0.7444423785113543,0.04473932816605549,-1.4920060946032365
0.7444423785113543,0.04473932816605549,-1.4920060946032365
4.148793406237144,-0.1777855317466499,0.8356723056780425
4.148793406237144,-0.1777855317466499,0.8356723056780425
0.21913286738678692,0.20595048838144997,-0.1537449226678229
1.3804670609798928,0.04247134236689114,-1.7396490055352327
1.3299009336692826,0.20198962605969778,-0.586234171727915
1.3299009336692826,0.20198962605969778,-0.586234171727915
1.2707476046956587,0.20220055955612237,-0.5632021998844782
1.2707476046956587,0.20220055955612237,-0.5632021998844782
0.984008697146267,-0.36948495056090297,0.1990129645353205
-1.4269550593288238,-0.049377985271304374,0.36491842729203083
-1.4269550593288238,-0.049377985271304374,0.36491842729203083
-1.4269550593288238,-0.049377985271304374,0.36491842729203083
-1.4269550593288238,-0.049377985271304374,0.36491842729203083
1.6592412054039247,0.04864344521941896,1.1920887795624082
1.6592412054039247,0.04864344521941896,1.1920887795624082
0.7757885870272916,0.0446275514414545,-1.5042110711356564
0.7757885870272916,0.0446275514414545,-1.5042110711356564
2.5865310940450312,-0.012876725367434927,2.5776819754843023
1.4752086263748716,0.049299682763851195,1.2637438030753227
0.048245472574095276,0.2065598518155657,-0.08720811512011648
0.048245472574095276,0.2065598518155657,-0.08720811512011648
0.048245472574095276,0.2065598518155657,-0.08720811512011648
1.2095796661672011,0.04308070580100684,-1.6731121979875265
1.2095796661672011,0.04308070580100684,-1.6731121979875265
1.7162236598847593,-0.01693949325571614,-0.12373609117896973
-0.9010212946723075,-0.05125340039656733,0.16014057506865315
0.4929226336496113,-0.11443760189966048,1.3640371042256574
0.4929226336496113,-0.11443760189966048,1.3640371042256574
-0.863600351578058,-0.21072480997905738,-0.9881560427734567
-0.863600351578058,-0.21072480997905738,-0.9881560427734567
0.2762715868055777,0.04640876763348496,-1.309718864457745
0.2762715868055777,0.04640876763348496,-1.309718864457745
-1.4269550593288238,-0.049377985271304374,0.36491842729203083
-1.4269550593288238,-0.049377985271304374,0.36491842729203083
-1.5319901370576305,-0.049003443101370905,0.40581494139864627
-1.5319901370576305,-0.049003443101370905,0.40581494139864627
-1.5319901370576305,-0.049003443101370905,0.40581494139864627
-1.5319901370576305,-0.049003443101370905,0.40581494139864627
-1.4269550593288238,-0.049377985271304374,0.36491842729203083
-1.4269550593288238,-0.049377985271304374,0.36491842729203083
-1.4269550593288238,-0.049377985271304374,0.36491842729203083
-1.4269550593288238,-0.049377985271304374,0.36491842729203083
-1.3150945974876758,-0.049776865921594644,0.3213643779727111
-1.3150945974876758,-0.049776865921594644,0.3213643779727111
-1.4269550593288238,-0.049377985271304374,0.36491842729203083
-1.0804958911480131,-0.20995138715883369,-0.9037054793475217
-1.0804958911480131,-0.20995138715883369,-0.9037054793475217
-1.0804958911480131,-0.20995138715883369,-0.9037054793475217
-1.0804958911480131,-0.20995138715883369,-0.9037054793475217
-1.0804958911480131,-0.20995138715883369,-0.9037054793475217
-1.0804958911480131,-0.20995138715883369,-0.9037054793475217
-1.1725121806625391,-0.20962326838661743,-0.8678779675910642
-1.1725121806625391,-0.20962326838661743,-0.8678779675910642
-1.113358851688915,-0.20983420188304214,-0.8909099394345011
-1.113358851688915,-0.20983420188304214,-0.8909099394345011
-0.04788826383806337,-0.3658053329010503,0.6007929178041632
-0.04788826383806337,-0.3658053329010503,0.6007929178041632
-0.04788826383806337,-0.3658053329010503,0.6007929178041632
-0.04788826383806337,-0.3658053329010503,0.6007929178041632
-1.1790847727707194,-0.20959983133145915,-0.8653188596084602
-0.7695694525086986,-0.05172214149973327,0.10895841541657127
0.9729663502727053,0.04392443978670529,-1.580984310613779
-1.4269550593288238,-0.049377985271304374,0.36491842729203083
-1.4269550593288238,-0.049377985271304374,0.36491842729203083
-1.4269550593288238,-0.049377985271304374,0.36491842729203083
0.8303839334475689,0.20377084225172837,-0.3917419650500038
0.8303839334475689,0.20377084225172837,-0.3917419650500038
-1.1639249789995254,-0.05031591819023547,0.26250489437281693
-1.1639249789995254,-0.05031591819023547,0.26250489437281693
0.9729663502727053,0.04392443978670529,-1.580984310613779
0.9729663502727053,0.04392443978670529,-1.580984310613779
2.290053782851292,0.1403522701970525,0.7865634842809592
0.8435291176639297,0.20372396814141172,-0.39686018101521164
1.906274429634329,0.040596377954227436,-1.944377644143561
1.906274429634329,0.040596377954227436,-1.944377644143561
1.492112899030995,-0.2119588165565515,1.1349036198212903
1.492112899030995,-0.2119588165565515,1.1349036198212903
2.590534675210715,-0.11401540386459963,-0.3042465239138586
2.590534675210715,-0.11401540386459963,-0.3042465239138586
2.590534675210715,-0.11401540386459963,-0.3042465239138586
2.973759627040014,0.043956034187759466,0.6802671830415892
2.973759627040014,0.043956034187759466,0.6802671830415892
2.6884128905078026,0.03780736839039022,-2.2489114940734485
0.29974845156988134,-0.21487316874207585,-1.4411181556943817
-0.3292057812606085,-0.053292424195339146,-0.06250181941790298
-0.3292057812606085,-0.053292424195339146,-0.06250181941790298
-0.3312203908154417,-0.21262321144687932,-1.1954437893643886
-0.3312203908154417,-0.21262321144687932,-1.1954437893643886
-0.3312203908154417,-0.21262321144687932,-1.1954437893643886
-0.3312203908154417,-0.21262321144687932,-1.1954437893643886
-0.3312203908154417,-0.21262321144687932,-1.1954437893643886
-0.3312203908154417,-0.21262321144687932,-1.1954437893643886
0.023699583026302432,-0.2138888124254274,-1.333635620425009
0.023699583026302432,-0.2138888124254274,-1.333635620425009
-1.024519668405008,-0.05081302038370596,0.20822596799370888
-1.024519668405008,-0.05081302038370596,0.20822596799370888
-1.4269550593288238,-0.049377985271304374,0.36491842729203083
0.7100626659454872,0.04486192199303728,-1.4786199913096154
0.7100626659454872,0.04486192199303728,-1.4786199913096154
1.054406466513368,0.1447584365668123,1.2676757850105294
1.054406466513368,0.1447584365668123,1.2676757850105294
1.7163799248227145,-0.11089827552854624,0.03611483777248602
-1.4269550593288238,-0.049377985271304374,0.36491842729203083
-0.5461013208305632,-0.05251900137511534,0.021948744008032036
-0.5461013208305632,-0.05251900137511534,0.021948744008032036
-1.1573523868913453,-0.050339355245393826,0.25994578639021293
-1.8277567819257508,-0.04794877561924745,0.5209748006158305
-1.8277567819257508,-0.04794877561924745,0.5209748006158305
-0.922753680551682,-0.2105138764826327,-0.9651240709300202
-1.203360531648608,-0.05017529585928569,0.27785954226844145
-1.203360531648608,-0.05017529585928569,0.27785954226844145
-1.203360531648608,-0.05017529585928569,0.27785954226844145
-1.4269550593288238,-0.049377985271304374,0.36491842729203083
-0.966747215754112,-0.05101902984498438,0.1857316548946941
-0.966747215754112,-0.05101902984498438,0.1857316548946941
-1.4269550593288238,-0.049377985271304374,0.36491842729203083
-1.4269550593288238,-0.049377985271304374,0.36491842729203083
-1.111344242134082,-0.05050341463150186,0.2420320305119842
-0.16033299600275008,-0.2132325748809951,-1.261980596912095
-0.7518662857389905,-0.21112323991674836,-1.0316608784777264
-0.7518662857389905,-0.21112323991674836,-1.0316608784777264
-0.7518662857389905,-0.21112323991674836,-1.0316608784777264
-0.7518662857389905,-0.21112323991674836,-1.0316608784777264
2.601420757146321,-0.43346601193937784,1.3158998222837852
-0.3198196854840098,0.20787232690443028,0.05610193190571279
-0.3198196854840098,0.20787232690443028,0.05610193190571279
-1.4269550593288238,-0.049377985271304374,0.36491842729203083
0.9559738498286163,0.051151210121356594,1.4659133337010462
0.9559738498286163,0.051151210121356594,1.4659133337010462
-1.4269550593288238,-0.049377985271304374,0.36491842729203083
-1.479409400192187,-0.0491909395426372,0.3853420775378134
-1.3611027422449389,-0.04961280653548656,0.3392781338509398
0.819693894441756,-0.3688990241819454,0.2629906641004228
-0.6401322198999229,-0.21152166985443946,-1.0751657141819961
-0.6532774041162838,-0.21147479574412278,-1.0700474982167878
0.7598298991425128,-0.2165137626031567,-1.6202557144766678
0.5325144512366494,-0.2085370065034402,1.5085333852814884
0.8612322844336375,0.044322869724396564,-1.5374794749095095
0.8612322844336375,0.044322869724396564,-1.5374794749095095
-0.5921094655878264,-0.052354941989007246,0.039862499886260686
-0.5921094655878264,-0.052354941989007246,0.039862499886260686
-0.5921094655878264,-0.052354941989007246,0.039862499886260686
1.0452648634626902,0.04366663217996422,-1.609134498422424
-1.4269550593288238,-0.049377985271304374,0.36491842729203083
-1.4269550593288238,-0.049377985271304374,0.36491842729203083
-1.4269550593288238,-0.049377985271304374,0.36491842729203083
-1.3611027422449389,-0.04961280653548656,0.3392781338509398
-1.3611027422449389,-0.04961280653548656,0.3392781338509398
-1.3611027422449389,-0.04961280653548656,0.3392781338509398
1.2095796661672011,0.04308070580100684,-1.6731121979875265
1.2095796661672011,0.04308070580100684,-1.6731121979875265
-1.4269550593288238,-0.049377985271304374,0.36491842729203083
-1.4269550593288238,-0.049377985271304374,0.36491842729203083
-1.4269550593288238,-0.049377985271304374,0.36491842729203083
-1.4269550593288238,-0.049377985271304374,0.36491842729203083
-1.4269550593288238,-0.049377985271304374,0.36491842729203083
-1.4269550593288238,-0.049377985271304374,0.36491842729203083
0.5063123105918932,0.045588470702944674,-1.3992876438488884
0.5063123105918932,0.045588470702944674,-1.3992876438488884
-1.1704975711077057,-0.05029248113507717,0.26506400235542105
0.7539679733599512,-0.36866465363036244,0.2885817439264637
-0.31807520659908084,-0.21267008555719605,-1.2005620053295967
-0.861585742023225,-0.05139402272751709,0.14478592717302854
-0.861585742023225,-0.05139402272751709,0.14478592717302854
-0.861585742023225,-0.05139402272751709,0.14478592717302854
-0.5152529698444942,-0.2119669739024471,-1.1237887658514738
-0.5152529698444942,-0.2119669739024471,-1.1237887658514738
-0.5152529698444942,-0.2119669739024471,-1.1237887658514738
-0.232631509192735,-0.21297476727425382,-1.2338304091034495
0.03885937679749664,-0.05460489928420378,-0.20581186644373242
-0.8287227814823226,-0.0515112080033086,0.13199038726000814
-0.08146189070458473,-0.21351381954289464,-1.2926898927033441
-0.08146189070458473,-0.21351381954289464,-1.2926898927033441
-0.08146189070458473,-0.21351381954289464,-1.2926898927033441
-0.08146189070458473,-0.21351381954289464,-1.2926898927033441
-0.6249724261287286,-0.05223775671321579,0.052658039799281166
-0.6269870356835618,-0.21156854396475608,-1.0802839301472043
-0.6269870356835618,-0.21156854396475608,-1.0802839301472043
-0.7038435314268939,-0.051956512051316225,0.0833673355905303
-0.7038435314268939,-0.051956512051316225,0.0833673355905303
-0.7038435314268939,-0.051956512051316225,0.0833673355905303
0.8591294470908385,-0.3690396465128953,0.24763601620479822
0.8591294470908385,-0.3690396465128953,0.24763601620479822
-0.4823900093035921,-0.21208415917823858,-1.1365843057644942
-0.4823900093035921,-0.21208415917823858,-1.1365843057644942
-0.4823900093035921,-0.21208415917823858,-1.1365843057644942
0.1420062409735505,-0.21431067941827675,-1.3796995641118832
0.1420062409735505,-0.21431067941827675,-1.3796995641118832
0.3260388200026031,-0.21496691696270906,-1.451354587624798
0.3260388200026031,-0.21496691696270906,-1.451354587624798
0.3260388200026031,-0.21496691696270906,-1.451354587624798
-1.4269550593288238,-0.049377985271304374,0.36491842729203083
-1.4269550593288238,-0.049377985271304374,0.36491842729203083
-1.4269550593288238,-0.049377985271304374,0.36491842729203083
-1.4269550593288238,-0.049377985271304374,0.36491842729203083
0.9729663502727053,0.04392443978670529,-1.580984310613779
2.491945793588008,-0.11366384803722515,-0.2658599041747972
2.491945793588008,-0.11366384803722515,-0.2658599041747972
-1.4269550593288238,-0.049377985271304374,0.36491842729203083
-0.07663377748133325,0.20700515586357326,-0.038585063450638606
-0.07663377748133325,0.20700515586357326,-0.038585063450638606
-1.4465464396512846,-0.049308124818428646,0.37254653762479295
-0.29352931705128804,0.20777857868379712,0.045865499975296466
-0.29352931705128804,0.20777857868379712,0.045865499975296466
1.4527655741698782,0.04221353476015008,-1.767799193343878
1.4527655741698782,0.04221353476015008,-1.767799193343878
0.05481806468227573,0.20653641476040735,-0.08976722310272052
0.05481806468227573,0.20653641476040735,-0.08976722310272052
-0.2869567249431077,0.20775514162863876,0.04330639199269237
-0.2869567249431077,0.20775514162863876,0.04330639199269237
0.8678048765418179,0.044299432669238185,-1.5400385828921137
-1.4269550593288238,-0.049377985271304374,0.36491842729203083
-1.4269550593288238,-0.049377985271304374,0.36491842729203083
-1.4901530603690205,-0.049152628971705414,0.38952523481707024
-1.4269550593288238,-0.049377985271304374,0.36491842729203083
-1.4269550593288238,-0.049377985271304374,0.36491842729203083
-1.4269550593288238,-0.049377985271304374,0.36491842729203083
-1.4269550593288238,-0.049377985271304374,0.36491842729203083
-1.4269550593288238,-0.049377985271304374,0.36491842729203083
-1.158363554907988,-0.0503357495446002,0.26033949531061346
-1.158363554907988,-0.0503357495446002,0.26033949531061346
-1.4269550593288238,-0.049377985271304374,0.36491842729203083
-1.474353560108971,-0.04920896804660512,0.3833735329358104
-1.474353560108971,-0.04920896804660512,0.3833735329358104
-1.4269550593288238,-0.049377985271304374,0.36491842729203083
-1.4269550593288238,-0.049377985271304374,0.36491842729203083
-1.4269550593288238,-0.049377985271304374,0.36491842729203083
-1.4269550593288238,-0.049377985271304374,0.36491842729203083
-1.4269550593288238,-0.049377985271304374,0.36491842729203083
-1.4269550593288238,-0.049377985271304374,0.36491842729203083
-1.4269550593288238,-0.049377985271304374,0.36491842729203083
-1.4269550593288238,-0.049377985271304374,0.36491842729203083
-1.2086059657349444,-0.050156591286419,0.27990190729301984
-1.4269550593288238,-0.049377985271304374,0.36491842729203083
-1.4269550593288238,-0.049377985271304374,0.36491842729203083
-1.4269550593288238,-0.049377985271304374,0.36491842729203083
-1.4269550593288238,-0.049377985271304374,0.36491842729203083
-1.4269550593288238,-0.049377985271304374,0.36491842729203083
-1.4269550593288238,-0.049377985271304374,0.36491842729203083
0.15515142518991146,-0.21435755352859334,-1.3848177800770913
0.37477224064031867,-0.20797451717964108,1.5699519768639867
0.37477224064031867,-0.20797451717964108,1.5699519768639867
3.34036457693095,-0.1749027739621794,1.1504425875383464
3.34036457693095,-0.1749027739621794,1.1504425875383464
1.8432737844329767,0.047987207674986404,1.120433756049494
1.8432737844329767,0.047987207674986404,1.120433756049494
3.471816419094559,-0.17537151506534535,1.0992604278862648
3.471816419094559,-0.17537151506534535,1.0992604278862648
3.268066063740965,-0.174644966355438,1.1785927753469914
2.702112476111827,-0.020455051529460554,-0.5076022885695839
2.702112476111827,-0.020455051529460554,-0.5076022885695839
2.680291862444487,-0.4337472566012776,1.285190526492536
0.35232918843532496,-0.21506066518334227,-1.4615910195552142
0.35232918843532496,-0.21506066518334227,-1.4615910195552142
-0.4232366803299681,-0.2122950926746632,-1.159616277607931
-0.4232366803299681,-0.2122950926746632,-1.159616277607931
-0.4232366803299681,-0.2122950926746632,-1.159616277607931
2.6391118309104753,-0.013064221808701577,2.557209111623469
2.8598546867081573,-0.021017540853259686,-0.5690208801520821
2.8598546867081573,-0.021017540853259686,-0.5690208801520821
1.7905367826295784,0.14213348638908294,0.9810556909588705
1.7905367826295784,0.14213348638908294,0.9810556909588705
1.1634832936219726,-0.2107869637986366,1.262859018951495
1.163571521409938,0.04324476518711477,-1.655198442109298
1.163571521409938,0.04324476518711477,-1.655198442109298
1.8628352958195633,0.14187567878234164,0.9529055031502254
1.8628352958195633,0.14187567878234164,0.9529055031502254
2.165174532795864,0.14079757424506,0.8351865359504373
2.165174532795864,0.14079757424506,0.8351865359504373
2.02659569713641,0.19950529821291846,-0.857499617883949
3.1320562390240085,-0.014822000945573763,2.3652760129281627
3.1320562390240085,-0.014822000945573763,2.3652760129281627
1.4659107583862385,0.04216666064983331,-1.7729174093090863
1.4659107583862385,0.04216666064983331,-1.7729174093090863
1.4659107583862385,0.04216666064983331,-1.7729174093090863
1.7052493501611872,0.04847938583331078,1.1741750236841793
1.7052493501611872,0.04847938583331078,1.1741750236841793
1.7052493501611872,0.04847938583331078,1.1741750236841793
2.367066543532579,-0.11321854398921757,-0.2172368525053193
2.67597837261706,-0.11432008558165746,-0.33751492768771174
-0.8747309262395856,-0.05134714861720054,0.14990414313823683
-0.8747309262395856,-0.05134714861720054,0.14990414313823683
0.6594965386348769,0.20438020568584406,-0.3252051575022973
0.8435291176639297,0.20372396814141172,-0.39686018101521164
-0.46065762342421757,-0.05282368309217321,-0.01131965976582121
0.7317950518248619,0.20412239807910285,-0.3533553453109423
2.1501710039626243,-0.11244512116899372,-0.1327862890793842
2.1501710039626243,-0.11244512116899372,-0.1327862890793842
0.003981806701761076,-0.2138185012599526,-1.3259582964771974
1.577644824225306,0.04176823071214246,-1.816422245013356
1.577644824225306,0.04176823071214246,-1.816422245013356
1.8011129559034418,0.04097137083676022,-1.9034319164218956
1.4330477978453366,0.04228384592562489,-1.7601218693960659
1.4330477978453366,0.04228384592562489,-1.7601218693960659
1.4330477978453366,0.04228384592562489,-1.7601218693960659
-0.907593886780488,-0.051229963341409036,0.16269968305125726
-0.907593886780488,-0.051229963341409036,0.16269968305125726
0.12228846464900917,-0.21424036825280185,-1.372022240164071
0.12228846464900917,-0.21424036825280185,-1.372022240164071
-0.38380112768088537,-0.21243571500561304,-1.1749709255035556
-0.38380112768088537,-0.21243571500561304,-1.1749709255035556
0.744940236041223,0.20407552396878614,-0.3584735612761504
0.744940236041223,0.20407552396878614,-0.3584735612761504
-0.14718781178638912,-0.21327944899131165,-1.2670988128773029
0.14857883308173098,-0.2143341164734351,-1.3822586720944876
0.14857883308173098,-0.2143341164734351,-1.3822586720944876
3.287783840065507,-0.174715277520913,1.1709154513991786
-1.4269550593288238,-0.049377985271304374,0.36491842729203083
-0.8550131499150445,-0.05141745978267541,0.1422268191904245
-1.4269550593288238,-0.049377985271304374,0.36491842729203083
-1.4269550593288238,-0.049377985271304374,0.36491842729203083
-0.028881153839141138,-0.21370131598416098,-1.3131627565641768
-1.2215615559481845,-0.050110393245001196,0.28494630283565286
-1.2215615559481845,-0.050110393245001196,0.28494630283565286
-1.4269550593288238,-0.049377985271304374,0.36491842729203083
-1.4269550593288238,-0.049377985271304374,0.36491842729203083
0.744940236041223,0.20407552396878614,-0.3584735612761504
0.744940236041223,0.20407552396878614,-0.3584735612761504
0.744940236041223,0.20407552396878614,-0.3584735612761504
2.3473487672080373,-0.11314823282374266,-0.20955952855750698
2.3473487672080373,-0.11314823282374266,-0.20955952855750698
2.0579984495101433,-0.01815822012394746,-0.2568097062743827
1.1437655172974308,-0.21071665263316183,1.2705363428993077
1.1437655172974308,-0.21071665263316183,1.2705363428993077
-1.4269550593288238,-0.049377985271304374,0.36491842729203083
-1.4269550593288238,-0.049377985271304374,0.36491842729203083
-1.4269550593288238,-0.049377985271304374,0.36491842729203083
-1.4269550593288238,-0.049377985271304374,0.36491842729203083
-1.4269550593288238,-0.049377985271304374,0.36491842729203083
-1.9920715846302621,-0.04736284924029016,0.5849525001809328
-1.9920715846302621,-0.04736284924029016,0.5849525001809328
1.1787313151811327,0.20252867832833868,-0.5273746881280207
-0.580978890926299,-0.21173260335086422,-1.098197686025433
-0.580978890926299,-0.21173260335086422,-1.098197686025433
0.5346172885794483,0.20482550973385175,-0.2765821058328195
0.18801438573081364,-0.21447473880438492,-1.3976133199901115
0.18801438573081364,-0.21447473880438492,-1.3976133199901115
0.18801438573081364,-0.21447473880438492,-1.3976133199901115
0.18801438573081364,-0.21447473880438492,-1.3976133199901115
-0.12089744335366738,-0.21337319721194492,-1.2773352448077193
0.3917647410844076,-0.21520128751429207,-1.476945667450839
0.3917647410844076,-0.21520128751429207,-1.476945667450839
0.9355454071784559,0.20339584936919558,-0.4326876927716692
0.9355454071784559,0.20339584936919558,-0.4326876927716692
0.9355454071784559,0.20339584936919558,-0.4326876927716692
-1.111344242134082,-0.05050341463150186,0.2420320305119842
-1.111344242134082,-0.05050341463150186,0.2420320305119842
0.8106661571230274,0.20384115341720313,-0.3840646411021913
0.8106661571230274,0.20384115341720313,-0.3840646411021913
-0.6249724261287286,-0.05223775671321579,0.052658039799281166
-0.6249724261287286,-0.05223775671321579,0.052658039799281166
-0.6249724261287286,-0.05223775671321579,0.052658039799281166
-1.1967879395404277,-0.050198732914443975,0.2753004342858374
-1.1967879395404277,-0.050198732914443975,0.2753004342858374
0.13543364886537007,-0.21428724236311844,-1.3771404561292793
0.13543364886537007,-0.21428724236311844,-1.3771404561292793
3.392945313796393,-0.17509027040344588,1.1299697236775132
0.396297230381119,0.0459807709492864,-1.3564521133092997
0.396297230381119,0.0459807709492864,-1.3564521133092997
-1.370076858392647,-0.04958080594094357,0.3427723005194955
-1.370076858392647,-0.04958080594094357,0.3427723005194955
-1.370076858392647,-0.04958080594094357,0.3427723005194955
-1.370076858392647,-0.04958080594094357,0.3427723005194955
-0.4823900093035921,-0.21208415917823858,-1.1365843057644942
0.3111491569013132,0.20562236960923372,-0.18957243442428023
-0.9404568473213903,-0.05111277806561758,0.17549522296427778
-0.9404568473213903,-0.05111277806561758,0.17549522296427778
-0.9404568473213903,-0.05111277806561758,0.17549522296427778
-1.4269550593288238,-0.049377985271304374,0.36491842729203083
-1.4269550593288238,-0.049377985271304374,0.36491842729203083
0.9335307976236226,0.0440650621176556,-1.5656296627181547
-0.30493002238271993,-0.21271695966751264,-1.2056802212948048
1.9661384249335723,-0.11178888362456149,-0.06113126556646948
0.9729663502727053,0.04392443978670529,-1.580984310613779
-1.4269550593288238,-0.049377985271304374,0.36491842729203083
-1.4269550593288238,-0.049377985271304374,0.36491842729203083
-1.4269550593288238,-0.049377985271304374,0.36491842729203083
-1.2165057158649688,-0.05012842174896901,0.2829777582336496
-1.2165057158649688,-0.05012842174896901,0.2829777582336496
-1.4269550593288238,-0.049377985271304374,0.36491842729203083
-1.4269550593288238,-0.049377985271304374,0.36491842729203083
-1.4269550593288238,-0.049377985271304374,0.36491842729203083
-1.4269550593288238,-0.049377985271304374,0.36491842729203083
-1.4269550593288238,-0.049377985271304374,0.36491842729203083
-1.4269550593288238,-0.049377985271304374,0.36491842729203083
-0.12747003546184785,-0.21334976015678658,-1.2747761368251154
-0.12747003546184785,-0.21334976015678658,-1.2747761368251154
1.0321196792463292,0.04371350629028067,-1.604016282457216
1.0321196792463292,0.04371350629028072,-1.6040162824572162
-1.4269550593288238,-0.04937798527130433,0.3649184272920309
0.7802583417926731,-0.3687584018509957,0.27834531199604745
0.7802583417926731,-0.3687584018509956,0.2783453119960474
-0.7169887156432551,-0.05190963794099965,0.08848555155573855
-0.7169887156432551,-0.05190963794099965,0.08848555155573855
0.9729663502727053,0.04392443978670529,-1.580984310613779
0.9729663502727053,0.04392443978670529,-1.580984310613779
-1.4269550593288238,-0.049377985271304374,0.36491842729203083
-1.4269550593288238,-0.049377985271304374,0.36491842729203083
-1.2559412685140516,-0.04998779941801933,0.2983324061292742
1.245011637650601,0.1440787619672216,1.1934616535150104
-1.5217520608891184,-0.04903995082190588,0.4018286385795898
-1.5217520608891184,-0.04903995082190588,0.4018286385795898
0.6969174817291263,0.044908796103354284,-1.4735017753444069
-1.4269550593288238,-0.049377985271304374,0.36491842729203083
-0.028881153839141138,-0.21370131598416098,-1.3131627565641768
-0.028881153839141138,-0.21370131598416098,-1.3131627565641768
-0.028881153839141138,-0.21370131598416098,-1.3131627565641768
3.603268261258168,-0.17584025616851134,1.0480782682341827
3.603268261258168,-0.17584025616851134,1.0480782682341827
3.603268261258168,-0.17584025616851134,1.0480782682341827
0.42288322274038076,0.20522393967154282,-0.23307727012854984
0.42288322274038076,0.20522393967154282,-0.23307727012854984
0.9203856134072612,0.04411193622797195,-1.5605114467529466
0.9203856134072612,0.04411193622797195,-1.5605114467529466
0.9203856134072612,0.04411193622797195,-1.5605114467529466
0.9203856134072612,0.04411193622797195,-1.5605114467529466
2.272791151737298,-0.43229415918146324,1.4438552214139901
0.9729663502727053,0.04392443978670529,-1.580984310613779
1.0124019029217877,0.04378381745575572,-1.5963389585094034
2.3754974802576383,0.14004758847999452,0.7532950805071061
2.3754974802576383,0.14004758847999452,0.7532950805071061
3.925325274559008,-0.17698867187126796,0.9226819770865822
3.925325274559008,-0.17698867187126796,0.9226819770865822
3.3029436338366995,-0.01543136437968966,2.2987392053804565
-1.4111555590687745,-0.04943432434620412,0.35876672541077104
-1.4111555590687745,-0.04943432434620412,0.35876672541077104
0.9729663502727053,0.04392443978670529,-1.580984310613779
-0.17803616277245815,-0.05383147646397997,-0.12136130301779723
-0.17803616277245815,-0.05383147646397997,-0.12136130301779723
0.11773048209566207,-0.054886143946103305,-0.23652116223498154
-1.1179168342422623,-0.05047997757634356,0.24459113849458827
-1.1179168342422623,-0.05047997757634356,0.24459113849458827
-1.1179168342422623,-0.05047997757634356,0.24459113849458827
0.6809587938443472,-0.21623251794125728,-1.5895464186854187
0.6809587938443472,-0.21623251794125728,-1.5895464186854187
0.9729663502727053,0.04392443978670529,-1.580984310613779
0.9729663502727053,0.04392443978670539,-1.580984310613779
2.3800554628109842,-0.01930663582670414,-0.38220599742198325
2.3800554628109842,-0.01930663582670414,-0.38220599742198325
-1.4269550593288238,-0.049377985271304374,0.36491842729203083
-1.4269550593288238,-0.049377985271304374,0.36491842729203083
-1.3195184575604892,-0.049761090980622716,0.32308685449946384
-1.3195184575604892,-0.049761090980622716,0.32308685449946384
4.319680801049837,-0.1783948951807655,0.7691354981303362
2.8840422177980805,-0.4344738053111846,1.2058581790318088
2.8840422177980805,-0.4344738053111846,1.2058581790318088
0.9729663502727053,0.04392443978670529,-1.580984310613779
2.998035385917902,-0.11546850128441408,-0.46291121883531233
2.998035385917902,-0.11546850128441408,-0.46291121883531233
0.38519214897622717,-0.21517785045913385,-1.4743865594682344
0.38519214897622717,-0.21517785045913385,-1.4743865594682344
3.260782805307165,-0.022447201217915835,-0.725126467090932
3.260782805307165,-0.022447201217915835,-0.725126467090932
3.260782805307165,-0.022447201217915835,-0.725126467090932
-0.6467048120081031,-0.21149823279928126,-1.0726066061993917
-0.3772285355727049,-0.21245915206077123,-1.1775300334861598
-0.3772285355727049,-0.21245915206077123,-1.1775300334861598
-1.1047716500259015,-0.05052685168666018,0.2394729225293801
-1.1047716500259015,-0.05052685168666018,0.2394729225293801
-1.1047716500259015,-0.05052685168666018,0.2394729225293801
-1.1047716500259015,-0.05052685168666018,0.2394729225293801
-1.4269550593288238,-0.049377985271304374,0.36491842729203083
-0.47756189608034044,0.2084348162282294,0.1175205234882112
-1.4269550593288238,-0.049377985271304374,0.36491842729203083
-1.4269550593288238,-0.049377985271304374,0.36491842729203083
-1.4269550593288238,-0.049377985271304374,0.36491842729203083
-0.09635155380587457,0.2070754670290482,-0.030907739502826354
-1.4269550593288238,-0.049377985271304374,0.36491842729203083
-1.4269550593288238,-0.049377985271304374,0.36491842729203083
-1.4269550593288238,-0.049377985271304374,0.36491842729203083
-1.393965702785841,-0.049495621259695095,0.35207367376396015
-1.6513079630215213,-0.048577970407727974,0.45227259400592057
-1.6513079630215213,-0.048577970407727974,0.45227259400592057
-1.3479575580285779,-0.04965968064580318,0.3341599178857316
-1.3479575580285779,-0.04965968064580318,0.3341599178857316
0.0065508176442580736,-0.11270325981794647,1.5534110949383602
0.0065508176442580736,-0.11270325981794647,1.5534110949383602
-1.4269550593288238,-0.049377985271304374,0.36491842729203083
0.541189880687629,0.20480207267869344,-0.27914121381542367
0.541189880687629,0.20480207267869344,-0.27914121381542367
0.2980039726849522,0.2056692437195504,-0.18445421845907203
-1.7097661139837035,-0.048369515830598786,0.475033890966582
-1.7097661139837035,-0.048369515830598786,0.475033890966582
