PC1,PC2
-1.4269550593288236,-0.049377985271283086
-1.4269550593288245,-0.049377985271279345
-1.4269550593288278,-0.04937798527127898
-1.4269550593288227,-0.04937798527127939
-0.38380112768088637,-0.21243571500569589
-1.4269550593288252,-0.049377985271279345
0.9729663502727061,0.04392443978659609
0.9729663502727061,0.04392443978659609
0.9729663502727061,0.04392443978659609
0.9729663502727061,0.04392443978659609
0.9729663502727061,0.04392443978659609
-1.604288650247616,-0.04874563549459988
-1.604288650247616,-0.04874563549459988
0.5063123105918945,0.045588470702847425
-1.0193279526195564,-0.05083153340370366
-1.0193279526195564,-0.05083153340370366
-0.6006966672508401,-0.2116622921854664
-0.6006966672508401,-0.2116622921854664
-0.6006966672508401,-0.2116622921854664
-0.6006966672508401,-0.2116622921854664
-1.4269550593288245,-0.04937798527127935
-1.4269550593288245,-0.04937798527127935
-0.7452936936308101,-0.21114667697198006
-1.7817486371684883,-0.0481128350053212
-1.545135321273992,-0.0489565689910261
-0.8438825752535167,-0.21079512114460305
-0.8438825752535167,-0.21079512114460305
-0.8438825752535167,-0.21079512114460305
1.0523036291705687,-0.2686040796702686
1.0523036291705687,-0.2686040796702686
1.9528369757792574,-0.017783227241432286
2.222225024426688,-0.2727758754884762
2.222225024426688,-0.2727758754884762
2.222225024426688,-0.2727758754884762
-0.3292057812606099,-0.05329242419534295
-0.3292057812606099,-0.05329242419534295
-1.4991271765167289,-0.049120628377135385
-1.4991271765167289,-0.049120628377135385
1.8608206862647312,-0.017455108469213717
1.8608206862647312,-0.017455108469213717
-0.1931959565436525,-0.21311538960529153
-0.1931959565436525,-0.21311538960529153
-1.0193279526195564,-0.05083153340370366
-1.0981990579177217,-0.05055028874180202
0.15130410896218285,-0.20717765730414187
-1.249368676405872,-0.05001123647315723
-1.249368676405872,-0.05001123647315723
-1.249368676405872,-0.05001123647315723
-0.5263835445060229,-0.05258931254058887
-0.27381154072674635,0.20770826751832597
-0.27381154072674635,0.20770826751832597
0.3440121174422157,0.20550518433342985
0.3440121174422157,0.20550518433342985
-1.4269550593288245,-0.04937798527127935
-1.4269550593288245,-0.04937798527127935
2.4392087917846106,-0.019517569323159026
2.0711436337265057,-0.01820509423428474
3.3075016163900504,-0.17478558868630767
-1.4269550593288245,-0.04937798527127935
-0.3921181986739943,0.20813013451117843
-0.3921181986739943,0.20813013451117843
-1.4269550593288245,-0.04937798527127935
-1.4269550593288245,-0.04937798527127935
-1.4269550593288245,-0.04937798527127935
-1.3150945974876764,-0.04977686592157253
-0.40351890400542684,-0.21236540384022048
-1.4269550593288245,-0.04937798527127935
-1.619708962501424,-0.048690648557497315
-1.619708962501424,-0.048690648557497315
-1.4269550593288245,-0.04937798527127935
-1.4269550593288245,-0.04937798527127935
-1.4269550593288245,-0.04937798527127935
-1.4269550593288245,-0.04937798527127935
-1.4269550593288245,-0.04937798527127935
-1.6765871634376008,-0.048487827887856716
-1.6765871634376008,-0.048487827887856716
-0.5152529698444944,-0.2119669739025265
-1.5517079133821725,-0.04893313193586763
-1.5517079133821725,-0.04893313193586763
-1.4269550593288245,-0.04937798527127935
-1.4269550593288245,-0.04937798527127935
0.046142635231295685,-0.20680266442160636
0.046142635231295685,-0.20680266442160636
-1.0279151542825689,-0.2101388836001659
-1.0279151542825689,-0.2101388836001659
-1.0279151542825689,-0.2101388836001659
-1.4269550593288245,-0.04937798527127935
-1.4269550593288245,-0.04937798527127935
-1.4269550593288245,-0.04937798527127935
-1.6831597555457813,-0.04846439083269825
-0.377228535572705,-0.21245915206085436
-0.377228535572705,-0.21245915206085436
-1.4269550593288245,-0.04937798527127935
0.6377641527555035,0.045119729599678034
0.6377641527555035,0.045119729599678034
-1.3479575580285788,-0.049659680645780184
-1.3479575580285788,-0.049659680645780184
-1.3479575580285788,-0.049659680645780184
0.322279731562842,0.04624470824728457
-1.4269550593288245,-0.04937798527127935
-0.26934178596136577,-0.20567768577399984
-0.26934178596136577,-0.20567768577399984
3.2832258575121593,-0.015361053214053084
3.2832258575121593,-0.015361053214053084
3.0729029100503857,-0.014611067448982063
3.243790304863077,-0.015220430883102268
0.4097380385240202,0.20527081378184514
-1.4269550593288245,-0.04937798527127935
-1.4269550593288245,-0.04937798527127935
-1.4269550593288245,-0.04937798527127935
-1.4269550593288245,-0.04937798527127935
-1.4269550593288245,-0.04937798527127935
-1.4269550593288245,-0.04937798527127935
-1.3019494132713156,-0.04982374003188947
-1.3019494132713156,-0.04982374003188947
-1.4269550593288245,-0.04937798527127935
-1.4269550593288245,-0.04937798527127935
-1.4269550593288245,-0.04937798527127935
-1.4269550593288245,-0.04937798527127935
-1.2362234921895112,-0.05005811058347416
-1.2362234921895112,-0.05005811058347416
-1.545135321273992,-0.0489565689910261
-1.426828663326744,-0.04937843598387855
-0.5852975089921447,23.849557404067863
-1.8737649266830143,-0.04778471623310263
-1.8737649266830143,-0.04778471623310263
-1.4269550593288245,-0.04937798527127935
-1.4269550593288245,-0.04937798527127935
-1.4269550593288245,-0.04937798527127935
-1.4269550593288245,-0.04937798527127935
-1.5217520608891193,-0.04903995082187835
-1.5217520608891193,-0.04903995082187835
-1.4269550593288245,-0.04937798527127935
-1.4662642159758268,-0.04923781365292774
-1.4269550593288245,-0.04937798527127935
-1.4269550593288245,-0.04937798527127935
-1.4269550593288245,-0.04937798527127935
-1.4269550593288245,-0.04937798527127935
-1.4743535601089717,-0.04920896804657885
-1.4743535601089717,-0.04920896804657885
-1.5533510614092176,-0.04892727267207801
-1.5533510614092176,-0.04892727267207801
-1.5533510614092176,-0.04892727267207801
-1.5533510614092176,-0.04892727267207801
-1.7271455642697582,-0.048307542848176184
-0.013481995580445808,23.84751838026908
-1.1507797947831653,-0.050362792300534275
-1.5375515611491684,-0.048983611746978184
-1.5375515611491684,-0.048983611746978184
-1.4269550593288245,-0.04937798527127935
1.172869389398572,0.050377787301232
-0.3132470933758289,0.2078488898492768
-1.3545301501367593,-0.04963624359062172
-1.4269550593288245,-0.04937798527127935
-1.4269550593288245,-0.04937798527127935
-1.4269550593288245,-0.04937798527127935
-1.4269550593288245,-0.04937798527127935
-0.1883678433204004,0.20740358580126586
-1.4269550593288245,-0.04937798527127935
-1.4269550593288245,-0.04937798527127935
-1.4269550593288245,-0.04937798527127935
-1.7271455642697582,-0.048307542848176184
-1.4269550593288245,-0.04937798527127935
2.1264496464724014,-0.011236131506162459
-1.4269550593288245,-0.04937798527127935
-1.4269550593288245,-0.04937798527127935
-1.4269550593288245,-0.04937798527127935
-1.2579004065462984,-0.04998081337271113
-1.4269550593288245,-0.04937798527127935
-1.4269550593288245,-0.04937798527127935
-1.4269550593288245,-0.04937798527127935
-1.4269550593288245,-0.04937798527127935
-1.4269550593288245,-0.04937798527127935
-1.4269550593288245,-0.04937798527127935
-1.4269550593288245,-0.04937798527127935
-1.4269550593288245,-0.04937798527127935
-1.4269550593288245,-0.04937798527127935
-1.4269550593288245,-0.04937798527127935
-1.4269550593288245,-0.04937798527127935
-1.4269550593288245,-0.04937798527127935
-1.4269550593288245,-0.04937798527127935
-1.4269550593288245,-0.04937798527127935
-1.4269550593288245,-0.04937798527127935
-1.4269550593288245,-0.04937798527127935
-1.4269550593288245,-0.04937798527127935
-1.4269550593288245,-0.04937798527127935
-1.4269550593288245,-0.04937798527127935
-1.4269550593288245,-0.04937798527127935
-1.4269550593288245,-0.04937798527127935
-1.4269550593288245,-0.04937798527127935
-1.4269550593288245,-0.04937798527127935
-1.4269550593288245,-0.04937798527127935
-1.4269550593288245,-0.04937798527127935
-1.4269550593288245,-0.04937798527127935
-1.4269550593288245,-0.04937798527127935
-1.4269550593288245,-0.04937798527127935
-1.4269550593288245,-0.04937798527127935
-1.4269550593288245,-0.04937798527127935
-1.4269550593288245,-0.04937798527127935
-1.4269550593288245,-0.04937798527127935
-1.4269550593288245,-0.04937798527127935
-1.4269550593288245,-0.04937798527127935
-1.4269550593288245,-0.04937798527127935
-1.4269550593288245,-0.04937798527127935
-1.4269550593288245,-0.04937798527127935
-1.4269550593288245,-0.04937798527127935
-1.4269550593288245,-0.04937798527127935
-1.4269550593288245,-0.04937798527127935
-1.4269550593288245,-0.04937798527127935
-1.4269550593288245,-0.04937798527127935
-1.4269550593288245,-0.04937798527127935
-1.4269550593288245,-0.04937798527127935
-1.4269550593288245,-0.04937798527127935
-1.4269550593288245,-0.04937798527127935
-1.4269550593288245,-0.04937798527127935
-1.4269550593288245,-0.04937798527127935
-1.4269550593288245,-0.04937798527127935
-1.4269550593288245,-0.04937798527127935
-0.809005005157782,-0.05158151916877468
-1.4269550593288245,-0.04937798527127935
-1.4269550593288245,-0.04937798527127935
-1.4269550593288245,-0.04937798527127935
-1.4269550593288245,-0.04937798527127935
-1.4269550593288245,-0.04937798527127935
-1.4269550593288245,-0.04937798527127935
-1.4269550593288245,-0.04937798527127935
-1.4269550593288245,-0.04937798527127935
-1.4269550593288245,-0.04937798527127935
-1.4269550593288245,-0.04937798527127935
-1.4269550593288245,-0.04937798527127935
-1.4269550593288245,-0.04937798527127935
-1.4269550593288245,-0.04937798527127935
-1.4269550593288245,-0.04937798527127935
-1.4269550593288245,-0.04937798527127935
-1.4269550593288245,-0.04937798527127935
-1.4269550593288245,-0.04937798527127935
-1.4269550593288245,-0.04937798527127935
-1.4269550593288245,-0.04937798527127935
-1.4269550593288245,-0.04937798527127935
-1.2165057158649697,-0.050128421748949575
-0.4007936281249746,-0.20520894467083042
-0.4007936281249746,-0.20520894467083042
-0.495535193519953,-0.2120372850680019
-1.4269550593288245,-0.04937798527127935
-1.4269550593288245,-0.04937798527127935
-1.0456183210522783,-0.05073778518306978
-1.4269550593288245,-0.04937798527127935
-1.4269550593288245,-0.04937798527127935
-1.4269550593288245,-0.04937798527127935
-1.4269550593288245,-0.04937798527127935
-1.6519399430319242,-0.048575716844700974
-1.4269550593288245,-0.04937798527127935
-1.4269550593288245,-0.04937798527127935
-1.7883212292766684,-0.04808939795016273
-1.7883212292766684,-0.04808939795016273
-1.4269550593288245,-0.04937798527127935
-1.4269550593288245,-0.04937798527127935
-1.4269550593288245,-0.04937798527127935
-1.4269550593288245,-0.04937798527127935
-1.4269550593288245,-0.04937798527127935
-1.4269550593288245,-0.04937798527127935
-1.4269550593288245,-0.04937798527127935
-1.2953768211631351,-0.04984717708704794
-1.2953768211631351,-0.04984717708704794
-1.3827354180009988,-0.04953566707410994
-1.3827354180009988,-0.04953566707410994
-1.4269550593288245,-0.04937798527127935
-1.4269550593288245,-0.04937798527127935
-1.439973847543105,-0.04933156187356161
-1.439973847543105,-0.04933156187356161
-1.4269550593288245,-0.04937798527127935
-1.4269550593288245,-0.04937798527127935
-1.4269550593288245,-0.04937798527127935
-1.4269550593288245,-0.04937798527127935
-1.4269550593288245,-0.04937798527127935
-0.09845439114867412,-0.20628704920812002
-1.4269550593288245,-0.04937798527127935
-1.4269550593288245,-0.04937798527127935
-1.4269550593288245,-0.04937798527127935
-1.4269550593288245,-0.04937798527127935
-1.4269550593288245,-0.04937798527127935
0.9729663502727061,0.04392443978659609
0.30805070162864173,0.04629544721813966
0.5484731391214298,0.052604307541286595
-1.3413849659203982,-0.04968311770093865
-1.3413849659203982,-0.04968311770093865
0.9729663502727061,0.04392443978659609
0.9729663502727061,0.04392443978659609
0.9729663502727061,0.04392443978659609
0.9729663502727061,0.04392443978659609
0.07900559577219793,-0.2069198496973987
0.9729663502727061,0.04392443978659609
0.9729663502727061,0.04392443978659609
2.5076599887468674,-0.012595480705353688
2.5076599887468674,-0.012595480705353688
2.5076599887468674,-0.012595480705353688
0.7998198531792593,-0.2748699307436368
2.3011843575128212,-0.01902539116483117
-0.29835743027453965,-0.212740396722756
3.1103238531446364,-0.17408247703155358
3.1103238531446364,-0.17408247703155358
2.13686955480831,-0.01843946478586943
-1.1047716500259022,-0.05052685168664355
1.9922725284283402,-0.017923849572383105
1.9922725284283402,-0.017923849572383105
1.36989088770603,0.1436334579192922
2.4222162913405216,-0.012290798988293586
1.1597242051822112,0.050424661411548936
1.1662967972903917,0.05040122435639047
0.3571573016585766,0.2054583102231129
0.29974845156988095,-0.2148731687421767
0.8639575603140911,0.051479328893680065
0.8639575603140911,0.051479328893680065
-0.3509381671399832,-0.21255290028148824
2.7882668398437946,-0.17293406132878858
2.205320751770567,-0.011517376168064093
2.205320751770567,-0.011517376168064093
0.2980039726849526,0.20566924371953912
-0.23263150919273515,-0.2129747672743407
1.3633182955978496,0.1436568949744507
1.3633182955978496,0.1436568949744507
2.268321396971919,-0.018908205889038823
1.102315355093515,-0.36990681755374066
1.102315355093515,-0.36990681755374066
1.102315355093515,-0.36990681755374066
2.750845896749544,-0.01346265174621706
2.750845896749544,-0.01346265174621706
2.4682244360977847,-0.012454858374402872
2.167629678006412,-0.4319191662988291
-1.2427960842976915,-0.05003467352831569
-1.2427960842976915,-0.05003467352831569
1.3437567842112637,0.049768423867111784
-0.8747309262395866,-0.05134714861718999
2.045009530231739,-0.11207012828646512
2.045009530231739,-0.11207012828646512
2.045009530231739,-0.11207012828646512
0.3943337520269042,-0.11408604607219099
1.7819495809665657,-0.01717386380731208
1.7819495809665657,-0.01717386380731208
0.6574819290800448,0.04504941843420262
0.8875226528663605,0.044229121503656196
2.314329541729182,-0.019072265275148107
2.314329541729182,-0.019072265275148107
1.205576085001519,0.14421938429825393
1.205576085001519,0.14421938429825393
3.5966956691499896,-0.17581681911328034
0.028527696249554327,0.2066301629810364
0.028527696249554327,0.2066301629810364
2.1198770543642214,-0.01121269445100399
0.08557818788037835,-0.20694328675255716
-0.7629968604005188,-0.051745578554883966
-0.7629968604005188,-0.051745578554883966
-0.2503346759624445,-0.053573668857244586
-1.1507797947831653,-0.050362792300534275
2.6128214624777546,-0.012970473587889199
0.9229546243497597,0.14522717767006812
0.9729663502727061,0.04392443978659609
0.9729663502727061,0.04392443978659609
0.9729663502727061,0.04392443978659609
-1.5385627291658115,-0.04898000604618457
0.42213257320635256,0.04588864529391551
0.42213257320635256,0.04588864529391551
-0.04202633805550234,-0.2136544418739363
1.394078418795952,-0.26982280653850904
-0.41840856710671614,0.2082238827318123
-0.41840856710671614,0.2082238827318123
0.05481806468227612,0.20653641476040252
0.9729663502727061,0.04392443978659609
0.9729663502727061,0.04392443978659609
-0.2015130275367613,0.2074504599115828
1.0341342888011624,0.20304429354179054
1.0341342888011624,0.20304429354179054
1.816272749674636,0.20025528397793269
-0.4935205839651206,-0.05270649781638121
-0.4935205839651206,-0.05270649781638121
-1.2690864527304133,-0.04994092530768182
-1.2690864527304133,-0.04994092530768182
-0.08977896169769374,0.20705202997388883
2.767838397193633,-0.0206894220810825
2.767838397193633,-0.0206894220810825
2.4720717523255127,-0.019634754598951375
2.72183025243637,-0.020525362694973213
2.72183025243637,-0.020525362694973213
-0.7564242682923384,-0.05176901561004244
0.4097380385240202,0.20527081378184514
1.0847004161117737,0.04352600984890211
0.8743774686499995,0.04427599561397313
0.894095244974541,0.04420568444849773
0.894095244974541,0.04420568444849773
0.002237327816832552,0.20672391120167027
0.4557461832812833,0.20510675439573586
-1.025900544727737,-0.05080809634854518
0.9794507145929187,-0.210130726254109
0.9794507145929187,-0.210130726254109
0.03510028835773478,0.2066067259258779
0.03510028835773478,0.2066067259258779
0.894095244974541,0.04420568444849773
0.790948380798486,0.20391146458265394
0.9203856134072625,0.04411193622786385
2.564088041840039,-0.019962873371169948
4.004196379857177,-0.17726991653310542
-0.9075938867804888,-0.051229963341397636
-0.6381176103450904,-0.05219088260289489
-1.2033605316486087,-0.050175295859266514
-1.2033605316486087,-0.050175295859266514
0.9006678370827212,0.04418224739333926
2.150014739024671,-0.01848633889618637
3.2286305110918843,-0.174504344024406
2.2184659359869277,-0.011564250278381033
2.639111830910476,-0.013064221808523077
2.639111830910476,-0.013064221808523077
1.2648856789130982,0.05004966852901343
1.2648856789130982,0.05004966852901343
-0.27206706184181784,-0.21283414494338987
2.9826310994207876,-0.4348253611384793
0.749498218594571,0.04472129966198405
0.749498218594571,0.04472129966198405
1.045264863462691,0.04366663217985293
1.4659107583862396,0.04216666064971088
3.3995179059045757,-0.17511370745852622
3.3995179059045757,-0.17511370745852622
1.736097701147258,-0.11096858669401706
1.736097701147258,-0.11096858669401706
0.02195510414137387,0.20665360003619485
2.573385909828672,-0.012829851256938384
2.573385909828672,-0.012829851256938384
0.8215522390586331,-0.1156094546574915
-0.026866544284309204,-0.054370528732632546
2.606248870369574,-0.012947036532730731
1.2778745981915038,0.1439615766915108
1.2778745981915038,0.1439615766915108
1.8018236222290627,-0.11120295724560174
0.613488393877614,0.2045442650719326
1.7445286378723155,0.14229754577525944
1.7445286378723155,0.14229754577525944
1.2713020060833233,0.14398501374666925
1.2713020060833233,0.14398501374666925
0.08768102522317832,0.20641922948461017
2.077872490772641,-0.11218731356225746
1.323882742948767,0.1437975173054015
2.763991080965905,-0.013509525856533996
2.763991080965905,-0.013509525856533996
2.373482870702806,-0.019283198771574334
-0.32464779870726146,-0.21264664850212212
-0.32464779870726146,-0.21264664850212212
1.0808530998840458,0.05070590607345057
0.18626990684588504,0.2060676736572331
2.550942857623678,-0.019915999260853006
2.1848923091204053,0.14072726307964198
2.1848923091204053,0.14072726307964198
0.38344767009129843,0.20536456200247902
0.38344767009129843,0.20536456200247902
-0.7301338998596167,-0.05186276383067632
-0.7301338998596167,-0.05186276383067632
2.623397635751618,-0.11413258914041043
2.623397635751618,-0.11413258914041043
-1.9657812161975405,-0.04745659746088406
3.6821393665563353,-0.17612150083034045
3.6821393665563353,-0.17612150083034045
1.2621604030326457,0.04289320935962343
-0.05034340904861101,0.206911407642938
-0.05034340904861101,0.206911407642938
0.3965928543076592,0.2053176878921621
-0.8484405578068647,-0.051440896837823866
0.35058470955039617,0.20548174727827137
0.05481806468227612,0.20653641476040252
0.6377641527555035,0.045119729599678034
0.6377641527555035,0.045119729599678034
2.268321396971919,-0.018908205889038823
0.22570545949496773,0.2059270513262823
0.7560708107027514,0.04469786260682558
3.2417756953082453,-0.174551218134723
3.2417756953082453,-0.174551218134723
0.9598211660563453,0.04397131389691303
0.7203943464934294,-0.21637314027231874
0.7203943464934294,-0.21637314027231874
-0.10292414591405466,0.20709890408420575
-0.10292414591405466,0.20709890408420575
1.2161522582753828,0.04305726874573272
1.1241359687608563,0.0433853875179513
0.008809919925013007,0.20670047414651177
0.008809919925013007,0.20670047414651177
-0.18179525121221987,0.20738014874610738
1.3147411398980895,0.04270571291835568
-0.29178483816635925,-0.21276383377791447
0.18626990684588504,0.2060676736572331
0.18626990684588504,0.2060676736572331
0.4163106306322006,0.2052473767266867
0.4163106306322006,0.2052473767266867
1.5604960588432628,0.1429537833196966
1.5999316114923454,0.14281316098874577
2.373482870702806,-0.019283198771574334
2.373482870702806,-0.019283198771574334
0.8172387492312078,0.20381771636202006
-0.14893229067131772,0.20726296347031506
1.0649826397872324,0.04359632101437751
0.20598768317042637,0.2059973624917577
1.045264863462691,0.04366663217985293
2.3011843575128212,-0.01902539116483117
1.514644179023955,0.049159060432991585
0.8328390786581169,-0.3689458982922434
3.5046793796354634,-0.17548870034106173
3.5046793796354634,-0.17548870034106173
0.23227805160314818,0.2059036142711238
1.222724850383563,0.04303383169057425
1.7813951795789011,0.04104168200210435
0.10082620943953922,0.20637235537429321
0.10082620943953922,0.20637235537429321
0.3111491569013135,0.2056223696092222
0.3111491569013135,0.2056223696092222
2.0975902670971824,-0.11225762472773286
0.4312002937334897,-0.2153419098453461
0.4312002937334897,-0.2153419098453461
0.8189832281161362,-0.2167246960996958
0.5128849027000749,0.045565033647688956
0.4312002937334897,-0.2153419098453461
0.4312002937334897,-0.2153419098453461
1.494926402699414,0.04922937159846699
1.494926402699414,0.04922937159846699
0.3748604684282856,0.046057211806016816
1.1130053940993279,0.2027630488798889
-0.18179525121221987,0.20738014874610738
-0.18179525121221987,0.20738014874610738
1.1372811529772173,0.04333851340763435
1.1372811529772173,0.04333851340763435
2.4523539760009716,-0.019564443433475964
-0.5612611146017574,-0.21180291451641722
-0.5612611146017574,-0.21180291451641722
0.06313513567538474,-0.21402943475647182
2.0863034274976986,0.14107881890701904
2.3537650943782644,-0.019212887606098922
2.3537650943782644,-0.019212887606098922
1.1372811529772173,0.04333851340763435
1.1372811529772173,0.04333851340763435
0.7823611791354733,0.04460411438619171
2.610252451535257,-0.11408571503009349
1.429044216679654,0.14342252442286596
0.9729663502727061,0.04392443978659609
0.9729663502727061,0.04392443978659609
0.9729663502727061,0.04392443978659609
0.32733557164605775,0.04622667974331651
0.32733557164605775,0.04622667974331651
-1.4269550593288245,-0.04937798527127935
1.1531516130740307,0.050448098466707406
1.1531516130740307,0.050448098466707406
-1.4925545844085486,-0.04914406543229386
-1.4925545844085486,-0.04914406543229386
-1.4269550593288245,-0.04937798527127935
-1.4269550593288245,-0.04937798527127935
-0.11432485124548722,-0.21339663426719316
-0.11432485124548722,-0.21339663426719316
2.1390404293010974,0.04693254019293698
2.1390404293010974,0.04693254019293698
2.9710343511595623,0.03679957501842138
2.9710343511595623,0.03679957501842138
2.9710343511595623,0.03679957501842138
2.188895890286089,0.03958858458227924
2.188895890286089,0.03958858458227924
1.2641750125874782,0.20222399661124413
1.9304619607242515,-0.37285988650370777
-1.5385627291658115,-0.04898000604618457
-1.4269550593288245,-0.04937798527127935
-1.4269550593288245,-0.04937798527127935
-1.4269550593288245,-0.04937798527127935
2.967741436319499,-0.014236074566446552
2.967741436319499,-0.014236074566446552
-1.4269550593288245,-0.04937798527127935
-1.4269550593288245,-0.04937798527127935
-1.4269550593288245,-0.04937798527127935
-1.4269550593288245,-0.04937798527127935
-1.8211841898175705,-0.047972212674370386
-1.8211841898175705,-0.047972212674370386
-1.8211841898175705,-0.047972212674370386
0.9729663502727061,0.04392443978659609
0.9729663502727061,0.04392443978659609
-1.36767533435312,-0.049589369480304776
-1.36767533435312,-0.049589369480304776
-1.4269550593288245,-0.04937798527127935
-1.4269550593288245,-0.04937798527127935
-1.4743535601089717,-0.04920896804657885
-1.7397851644777975,-0.04826247158825604
-1.7397851644777975,-0.04826247158825604
-1.426828663326744,-0.04937843598387855
-1.4269550593288245,-0.04937798527127935
-1.4269550593288245,-0.04937798527127935
-1.4269550593288245,-0.04937798527127935
-1.4269550593288245,-0.04937798527127935
-1.4269550593288245,-0.04937798527127935
-0.7321485094144491,-0.21119355108229704
-0.7321485094144491,-0.21119355108229704
-0.7321485094144491,-0.21119355108229704
-0.7321485094144491,-0.21119355108229704
-0.47309214131495947,-0.20495113706408727
-1.4269550593288245,-0.04937798527127935
-1.4269550593288245,-0.04937798527127935
-1.4269550593288245,-0.04937798527127935
2.130453227638085,-0.11237481000352523
2.130453227638085,-0.11237481000352523
-1.4269550593288245,-0.04937798527127935
-1.4269550593288245,-0.04937798527127935
-1.4269550593288245,-0.04937798527127935
-1.4269550593288245,-0.04937798527127935
0.7823611791354733,0.04460411438619171
-1.4269550593288245,-0.04937798527127935
-1.4269550593288245,-0.04937798527127935
-1.4269550593288245,-0.04937798527127935
-1.4269550593288245,-0.04937798527127935
-1.4269550593288245,-0.04937798527127935
-1.4269550593288245,-0.04937798527127935
1.6833606993438588,-0.016822307979935038
1.6833606993438588,-0.016822307979935038
0.4319109600591098,-0.36751623792757676
0.9729663502727061,0.04392443978659609
0.9729663502727061,0.04392443978659609
0.9729663502727061,0.04392443978659609
0.9729663502727061,0.04392443978659609
0.9729663502727061,0.04392443978659609
0.9729663502727061,0.04392443978659609
0.9729663502727061,0.04392443978659609
0.9729663502727061,0.04392443978659609
-1.4269550593288245,-0.04937798527127935
-1.4269550593288245,-0.04937798527127935
1.9988451205365207,-0.017947286627541574
-1.334812373812218,-0.04970655475609712
-1.7817486371684883,-0.0481128350053212
-1.7817486371684883,-0.0481128350053212
0.2628819098632951,-0.1136173049690216
0.2628819098632951,-0.1136173049690216
0.2628819098632951,-0.1136173049690216
-0.7321485094144491,-0.21119355108229704
-0.7321485094144491,-0.21119355108229704
-1.4269550593288245,-0.04937798527127935
-1.8803375187911948,-0.04776127917794416
-1.8803375187911948,-0.04776127917794416
-1.4269550593288245,-0.04937798527127935
-1.426828663326744,-0.04937843598387855
1.5539234667350823,0.14297722037485505
-1.4269550593288245,-0.04937798527127935
-1.4269550593288245,-0.04937798527127935
-1.4269550593288245,-0.04937798527127935
-1.5122723607330897,-0.049073754266818446
-1.4269550593288245,-0.04937798527127935
0.9729663502727061,0.04392443978659609
-1.4269550593288245,-0.04937798527127935
-1.4269550593288245,-0.04937798527127935
0.9729663502727061,0.04392443978659609
0.9729663502727061,0.04392443978659609
-1.7745440650499058,-0.04813852562347568
-1.7745440650499058,-0.04813852562347568
0.9729663502727061,0.04392443978659609
3.3949599233512275,-0.015759483151747068
3.3949599233512275,-0.015759483151747068
-1.4269550593288245,-0.04937798527127935
0.425182103012974,-0.273534018599604
0.425182103012974,-0.273534018599604
4.687745959107943,-0.17970737026958625
4.687745959107943,-0.17970737026958625
4.687745959107943,-0.17970737026958625
1.9858562012581151,-0.11185919479003888
1.9858562012581151,-0.11185919479003888
0.7444423785113553,0.0447393281659521
0.7444423785113553,0.0447393281659521
4.148793406237147,-0.17778553174659176
4.148793406237147,-0.17778553174659176
0.21913286738678725,0.20595048838144078
1.3804670609798937,0.042471342366770984
1.3299009336692829,0.20198962605965942
1.3299009336692829,0.20198962605965942
1.2707476046956587,0.20220055955608565
1.2707476046956587,0.20220055955608565
0.9840086971462672,-0.36948495056088815
-1.4269550593288245,-0.04937798527127935
-1.4269550593288245,-0.04937798527127935
-1.4269550593288245,-0.04937798527127935
-1.4269550593288245,-0.04937798527127935
1.659241205403925,0.048643445219505255
1.659241205403925,0.048643445219505255
0.7757885870272928,0.04462755144135018
0.7757885870272928,0.04462755144135018
2.586531094045033,-0.012876725367255322
1.4752086263748725,0.0492996827639424
0.048245472574095664,0.20655985181556097
0.048245472574095664,0.20655985181556097
0.048245472574095664,0.20655985181556097
1.2095796661672022,0.04308070580089119
1.2095796661672022,0.04308070580089119
1.7162236598847613,-0.016939493255727384
-0.9010212946723083,-0.051253400396556105
0.49292263364961075,-0.11443760189956803
0.49292263364961075,-0.11443760189956803
-0.8636003515780578,-0.21072480997912763
-0.8636003515780578,-0.21072480997912763
0.2762715868055788,0.046408767633393855
0.2762715868055788,0.046408767633393855
-1.4269550593288245,-0.04937798527127935
-1.4269550593288245,-0.04937798527127935
-1.5319901370576312,-0.04900344310134304
-1.5319901370576312,-0.04900344310134304
-1.5319901370576312,-0.04900344310134304
-1.5319901370576312,-0.04900344310134304
-1.4269550593288245,-0.04937798527127935
-1.4269550593288245,-0.04937798527127935
-1.4269550593288245,-0.04937798527127935
-1.4269550593288245,-0.04937798527127935
-1.3150945974876764,-0.04977686592157253
-1.3150945974876764,-0.04977686592157253
-1.4269550593288245,-0.04937798527127935
-1.0804958911480127,-0.20995138715889813
-1.0804958911480127,-0.20995138715889813
-1.0804958911480127,-0.20995138715889813
-1.0804958911480127,-0.20995138715889813
-1.0804958911480127,-0.20995138715889813
-1.0804958911480127,-0.20995138715889813
-1.172512180662539,-0.20962326838667955
-1.172512180662539,-0.20962326838667955
-1.113358851688915,-0.20983420188310578
-1.113358851688915,-0.20983420188310578
-0.047888263838063036,-0.3658053329010085
-0.047888263838063036,-0.3658053329010085
-0.047888263838063036,-0.3658053329010085
-0.047888263838063036,-0.3658053329010085
-1.1790847727707194,-0.2095998313315211
-0.7695694525086992,-0.051722141499725496
0.9729663502727061,0.04392443978659609
-1.4269550593288245,-0.04937798527127935
-1.4269550593288245,-0.04937798527127935
-1.4269550593288245,-0.04937798527127935
0.8303839334475686,0.2037708422517031
0.8303839334475686,0.2037708422517031
-1.163924978999526,-0.05031591819021733
-1.163924978999526,-0.05031591819021733
0.9729663502727061,0.04392443978659609
0.9729663502727061,0.04392443978659609
2.290053782851292,0.1403522701971065
0.8435291176639295,0.20372396814138619
1.9062744296343295,0.04059637795409343
1.9062744296343295,0.04059637795409343
1.492112899030994,-0.21195881655646961
1.492112899030994,-0.21195881655646961
2.590534675210716,-0.11401540386461807
2.590534675210716,-0.11401540386461807
2.590534675210716,-0.11401540386461807
2.9737596270400144,0.04395603418781136
2.9737596270400144,0.04395603418781136
2.688412890507803,0.03780736839023556
0.29974845156988095,-0.2148731687421767
-0.3292057812606099,-0.05329242419534295
-0.3292057812606099,-0.05329242419534295
-0.3312203908154419,-0.21262321144696364
-0.3312203908154419,-0.21262321144696364
-0.3312203908154419,-0.21262321144696364
-0.3312203908154419,-0.21262321144696364
-0.3312203908154419,-0.21262321144696364
-0.3312203908154419,-0.21262321144696364
0.023699583026302068,-0.21388881242552102
0.023699583026302068,-0.21388881242552102
-1.0245196684050086,-0.05081302038369146
-1.0245196684050086,-0.05081302038369146
-1.4269550593288245,-0.04937798527127935
0.7100626659454883,0.04486192199293487
0.7100626659454883,0.04486192199293487
1.0544064665133686,0.14475843656689874
1.0544064665133686,0.14475843656689874
1.7163799248227167,-0.11089827552854163
-1.4269550593288245,-0.04937798527127935
-0.5461013208305643,-0.052519001375113464
-0.5461013208305643,-0.052519001375113464
-1.1573523868913458,-0.050339355245375805
-1.827756781925751,-0.04794877561921192
-1.827756781925751,-0.04794877561921192
-0.9227536805516818,-0.2105138764827014
-1.2033605316486087,-0.050175295859266514
-1.2033605316486087,-0.050175295859266514
-1.2033605316486087,-0.050175295859266514
-1.4269550593288245,-0.04937798527127935
-0.9667472157541128,-0.05101902984497141
-0.9667472157541128,-0.05101902984497141
-1.4269550593288245,-0.04937798527127935
-1.4269550593288245,-0.04937798527127935
-1.1113442421340827,-0.05050341463148508
-0.16033299600275033,-0.21323257488108385
-0.7518662857389905,-0.2111232399168216
-0.7518662857389905,-0.2111232399168216
-0.7518662857389905,-0.2111232399168216
-0.7518662857389905,-0.2111232399168216
2.6014207571463213,-0.433466011939288
-0.3198196854840094,0.20787232690443527
-0.3198196854840094,0.20787232690443527
-1.4269550593288245,-0.04937798527127935
0.9559738498286176,0.05115121012146149
0.9559738498286176,0.05115121012146149
-1.4269550593288245,-0.04937798527127935
-1.4794094001921876,-0.0491909395426108
-1.3611027422449398,-0.04961280653546325
0.8196938944417559,-0.36889902418192644
-0.640132219899923,-0.2115216698545156
-0.6532774041162838,-0.21147479574419867
0.759829899142512,-0.2165137626032696
0.5325144512366488,-0.2085370065033331
0.8612322844336385,0.044322869724290066
0.8612322844336385,0.044322869724290066
-0.5921094655878274,-0.05235494198900417
-0.5921094655878274,-0.05235494198900417
-0.5921094655878274,-0.05235494198900417
1.045264863462691,0.04366663217985293
-1.4269550593288245,-0.04937798527127935
-1.4269550593288245,-0.04937798527127935
-1.4269550593288245,-0.04937798527127935
-1.3611027422449398,-0.04961280653546325
-1.3611027422449398,-0.04961280653546325
-1.3611027422449398,-0.04961280653546325
1.2095796661672022,0.04308070580089119
1.2095796661672022,0.04308070580089119
-1.4269550593288245,-0.04937798527127935
-1.4269550593288245,-0.04937798527127935
-1.4269550593288245,-0.04937798527127935
-1.4269550593288245,-0.04937798527127935
-1.4269550593288245,-0.04937798527127935
-1.4269550593288245,-0.04937798527127935
0.5063123105918945,0.045588470702847425
0.5063123105918945,0.045588470702847425
-1.1704975711077066,-0.05029248113505886
0.7539679733599516,-0.36866465363034173
-0.318075206599081,-0.2126700855572806
-0.8615857420232256,-0.05139402272750693
-0.8615857420232256,-0.05139402272750693
-0.8615857420232256,-0.05139402272750693
-0.5152529698444944,-0.2119669739025265
-0.5152529698444944,-0.2119669739025265
-0.5152529698444944,-0.2119669739025265
-0.23263150919273515,-0.2129747672743407
0.0388593767974952,-0.05460489928421724
-0.8287227814823233,-0.05151120800329927
-0.08146189070458497,-0.21351381954298548
-0.08146189070458497,-0.21351381954298548
-0.08146189070458497,-0.21351381954298548
-0.08146189070458497,-0.21351381954298548
-0.6249724261287296,-0.05223775671321182
-0.6269870356835621,-0.21156854396483252
-0.6269870356835621,-0.21156854396483252
-0.7038435314268949,-0.05195651205131019
-0.7038435314268949,-0.05195651205131019
-0.7038435314268949,-0.05195651205131019
0.8591294470908386,-0.3690396465128773
0.8591294470908386,-0.3690396465128773
-0.4823900093035922,-0.21208415917831885
-0.4823900093035922,-0.21208415917831885
-0.4823900093035922,-0.21208415917831885
0.14200624097355022,-0.21431067941837345
0.14200624097355022,-0.21431067941837345
0.32603882000260265,-0.2149669169628106
0.32603882000260265,-0.2149669169628106
0.32603882000260265,-0.2149669169628106
-1.4269550593288245,-0.04937798527127935
-1.4269550593288245,-0.04937798527127935
-1.4269550593288245,-0.04937798527127935
-1.4269550593288245,-0.04937798527127935
0.9729663502727061,0.04392443978659609
2.4919457935880094,-0.11366384803724103
2.4919457935880094,-0.11366384803724103
-1.4269550593288245,-0.04937798527127935
-0.07663377748133283,0.20700515586357188
-0.07663377748133283,0.20700515586357188
-1.4465464396512855,-0.04930812481840314
-0.29352931705128754,0.20777857868380137
-0.29352931705128754,0.20777857868380137
1.4527655741698788,0.04221353476002782
1.4527655741698788,0.04221353476002782
0.05481806468227612,0.20653641476040252
0.05481806468227612,0.20653641476040252
-0.2869567249431072,0.20775514162864292
-0.2869567249431072,0.20775514162864292
0.867804876541819,0.0442994326691316
-1.4269550593288245,-0.04937798527127935
-1.4269550593288245,-0.04937798527127935
-1.490153060369021,-0.049152628971678686
-1.4269550593288245,-0.04937798527127935
-1.4269550593288245,-0.04937798527127935
-1.4269550593288245,-0.04937798527127935
-1.4269550593288245,-0.04937798527127935
-1.4269550593288245,-0.04937798527127935
-1.1583635549079887,-0.050335749544582184
-1.1583635549079887,-0.050335749544582184
-1.4269550593288245,-0.04937798527127935
-1.4743535601089717,-0.04920896804657885
-1.4743535601089717,-0.04920896804657885
-1.4269550593288245,-0.04937798527127935
-1.4269550593288245,-0.04937798527127935
-1.4269550593288245,-0.04937798527127935
-1.4269550593288245,-0.04937798527127935
-1.4269550593288245,-0.04937798527127935
-1.4269550593288245,-0.04937798527127935
-1.4269550593288245,-0.04937798527127935
-1.4269550593288245,-0.04937798527127935
-1.2086059657349453,-0.050156591286399654
-1.4269550593288245,-0.04937798527127935
-1.4269550593288245,-0.04937798527127935
-1.4269550593288245,-0.04937798527127935
-1.4269550593288245,-0.04937798527127935
-1.4269550593288245,-0.04937798527127935
-1.4269550593288245,-0.04937798527127935
0.15515142518991107,-0.21435755352869038
0.3747722406403179,-0.2079745171795298
0.3747722406403179,-0.2079745171795298
3.3403645769309525,-0.1749027739621
3.3403645769309525,-0.1749027739621
1.8432737844329774,0.04798720767506811
1.8432737844329774,0.04798720767506811
3.471816419094561,-0.1753715150652694
3.471816419094561,-0.1753715150652694
3.2680660637409673,-0.17464496635535687
2.7021124761118283,-0.020455051529497805
2.7021124761118283,-0.020455051529497805
2.680291862444487,-0.43374725660118973
0.35232918843532446,-0.21506066518344447
0.35232918843532446,-0.21506066518344447
-0.4232366803299682,-0.21229509267474508
-0.4232366803299682,-0.21229509267474508
-0.4232366803299682,-0.21229509267474508
2.639111830910476,-0.013064221808523077
2.859854686708159,-0.021017540853301073
2.859854686708159,-0.021017540853301073
1.7905367826295786,0.14213348638915016
1.7905367826295786,0.14213348638915016
1.1634832936219714,-0.21078696379854617
1.1635715214099391,0.043244765187000475
1.1635715214099391,0.043244765187000475
1.8628352958195635,0.141875678782407
1.8628352958195635,0.141875678782407
2.165174532795864,0.1407975742451174
2.165174532795864,0.1407975742451174
2.0265956971364103,0.19950529821286164
3.1320562390240094,-0.014822000945408286
3.1320562390240094,-0.014822000945408286
1.4659107583862396,0.04216666064971088
1.4659107583862396,0.04216666064971088
1.4659107583862396,0.04216666064971088
1.7052493501611883,0.04847938583339597
1.7052493501611883,0.04847938583339597
1.7052493501611883,0.04847938583339597
2.367066543532581,-0.11321854398923012
2.675978372617062,-0.1143200855816782
-0.8747309262395866,-0.05134714861718999
-0.8747309262395866,-0.05134714861718999
0.6594965386348769,0.2043802056858233
0.8435291176639295,0.20372396814138619
-0.4606576234242185,-0.052823683092173564
0.7317950518248619,0.20412239807908017
2.150171003962626,-0.11244512116900063
2.150171003962626,-0.11244512116900063
0.0039818067017605785,-0.2138185012600456
1.577644824225307,0.0417682307120169
1.577644824225307,0.0417682307120169
1.8011129559034422,0.04097137083662893
1.4330477978453375,0.04228384592550323
1.4330477978453375,0.04228384592550323
1.4330477978453375,0.04228384592550323
-0.9075938867804888,-0.051229963341397636
-0.9075938867804888,-0.051229963341397636
0.12228846464900887,-0.21424036825289805
0.12228846464900887,-0.21424036825289805
-0.3838011276808854,-0.21243571500569589
-0.3838011276808854,-0.21243571500569589
0.744940236041223,0.20407552396876322
0.744940236041223,0.20407552396876322
-0.14718781178638948,-0.2132794489914008
0.1485788330817306,-0.21433411647353193
0.1485788330817306,-0.21433411647353193
3.2877838400655084,-0.17471527752083227
-1.4269550593288245,-0.04937798527127935
-0.8550131499150453,-0.051417459782665396
-1.4269550593288245,-0.04937798527127935
-1.4269550593288245,-0.04937798527127935
-0.028881153839141478,-0.21370131598425327
-1.2215615559481854,-0.05011039324498152
-1.2215615559481854,-0.05011039324498152
-1.4269550593288245,-0.04937798527127935
-1.4269550593288245,-0.04937798527127935
0.744940236041223,0.20407552396876322
0.744940236041223,0.20407552396876322
0.744940236041223,0.20407552396876322
2.34734876720804,-0.1131482328237547
2.34734876720804,-0.1131482328237547
2.0579984495101447,-0.0181582201239678
1.14376551729743,-0.21071665263307077
1.14376551729743,-0.21071665263307077
-1.4269550593288245,-0.04937798527127935
-1.4269550593288245,-0.04937798527127935
-1.4269550593288245,-0.04937798527127935
-1.4269550593288245,-0.04937798527127935
-1.4269550593288245,-0.04937798527127935
-1.9920715846302623,-0.04736284924025018
-1.9920715846302623,-0.04736284924025018
1.1787313151811323,0.20252867832830423
-0.580978890926299,-0.21173260335094182
-0.580978890926299,-0.21173260335094182
0.5346172885794487,0.20482550973383423
0.18801438573081336,-0.21447473880448276
0.18801438573081336,-0.21447473880448276
0.18801438573081336,-0.21447473880448276
0.18801438573081336,-0.21447473880448276
-0.12089744335366766,-0.21337319721203468
0.3917647410844072,-0.2152012875143953
0.3917647410844072,-0.2152012875143953
0.9355454071784557,0.20339584936916758
0.9355454071784557,0.20339584936916758
0.9355454071784557,0.20339584936916758
-1.1113442421340827,-0.05050341463148508
-1.1113442421340827,-0.05050341463148508
0.8106661571230275,0.2038411534171785
0.8106661571230275,0.2038411534171785
-0.6249724261287296,-0.05223775671321182
-0.6249724261287296,-0.05223775671321182
-0.6249724261287296,-0.05223775671321182
-1.1967879395404284,-0.05019873291442498
-1.1967879395404284,-0.05019873291442498
0.13543364886536974,-0.214287242363215
0.13543364886536974,-0.214287242363215
3.3929453137963956,-0.17509027040336778
0.3962972303811203,0.045980770949192264
0.3962972303811203,0.045980770949192264
-1.3700768583926475,-0.04958080594091995
-1.3700768583926475,-0.04958080594091995
-1.3700768583926475,-0.04958080594091995
-1.3700768583926475,-0.04958080594091995
-0.4823900093035922,-0.21208415917831885
0.3111491569013135,0.2056223696092222
-0.940456847321391,-0.0511127780656053
-0.940456847321391,-0.0511127780656053
-0.940456847321391,-0.0511127780656053
-1.4269550593288245,-0.04937798527127935
-1.4269550593288245,-0.04937798527127935
0.9335307976236236,0.044065062117546905
-0.3049300223827201,-0.21271695966759754
1.9661384249335736,-0.11178888362456348
0.9729663502727061,0.04392443978659609
-1.4269550593288245,-0.04937798527127935
-1.4269550593288245,-0.04937798527127935
-1.4269550593288245,-0.04937798527127935
-1.2165057158649697,-0.050128421748949575
-1.2165057158649697,-0.050128421748949575
-1.4269550593288245,-0.04937798527127935
-1.4269550593288245,-0.04937798527127935
-1.4269550593288245,-0.04937798527127935
-1.4269550593288245,-0.04937798527127935
-1.4269550593288245,-0.04937798527127935
-1.4269550593288245,-0.04937798527127935
-0.12747003546184807,-0.2133497601568762
-0.12747003546184807,-0.2133497601568762
1.03211967924633,0.043713506290169866
1.03211967924633,0.043713506290169866
-1.4269550593288245,-0.04937798527127935
0.7802583417926733,-0.3687584018509756
0.7802583417926733,-0.3687584018509756
-0.7169887156432558,-0.05190963794099325
-0.7169887156432558,-0.05190963794099325
0.9729663502727061,0.04392443978659609
0.9729663502727061,0.04392443978659609
-1.4269550593288245,-0.04937798527127935
-1.4269550593288245,-0.04937798527127935
-1.2559412685140525,-0.04998779941799876
1.2450116376506015,0.14407876196730313
-1.5217520608891193,-0.04903995082187835
-1.5217520608891193,-0.04903995082187835
0.6969174817291274,0.04490879610325181
-1.4269550593288245,-0.04937798527127935
-0.028881153839141478,-0.21370131598425327
-0.028881153839141478,-0.21370131598425327
-0.028881153839141478,-0.21370131598425327
3.6032682612581697,-0.1758402561684388
3.6032682612581697,-0.1758402561684388
3.6032682612581697,-0.1758402561684388
0.4228832227403811,0.20522393967152822
0.4228832227403811,0.20522393967152822
0.9203856134072625,0.04411193622786385
0.9203856134072625,0.04411193622786385
0.9203856134072625,0.04411193622786385
0.9203856134072625,0.04411193622786385
2.2727911517372994,-0.4322941591813646
0.9729663502727061,0.04392443978659609
1.0124019029217888,0.043783817455645274
2.3754974802576383,0.1400475884800464
2.3754974802576383,0.1400475884800464
3.925325274559012,-0.1769886718712038
3.925325274559012,-0.1769886718712038
3.3029436338367013,-0.015431364379528495
-1.4111555590687752,-0.04943432434617952
-1.4111555590687752,-0.04943432434617952
0.9729663502727061,0.04392443978659609
-0.17803616277245954,-0.05383147646398775
-0.17803616277245954,-0.05383147646398775
0.11773048209566057,-0.054886143946118876
-1.1179168342422632,-0.050479977576326614
-1.1179168342422632,-0.050479977576326614
-1.1179168342422632,-0.050479977576326614
0.6809587938443464,-0.21623251794136794
0.6809587938443464,-0.21623251794136794
0.9729663502727061,0.04392443978659609
0.9729663502727061,0.04392443978659609
2.3800554628109865,-0.019306635826732803
2.3800554628109865,-0.019306635826732803
-1.4269550593288245,-0.04937798527127935
-1.4269550593288245,-0.04937798527127935
-1.3195184575604904,-0.049761090980600484
-1.3195184575604904,-0.049761090980600484
4.319680801049838,-0.17839489518071197
2.884042217798081,-0.43447380531110225
2.884042217798081,-0.43447380531110225
0.9729663502727061,0.04392443978659609
2.998035385917904,-0.11546850128444319
2.998035385917904,-0.11546850128444319
0.38519214897622656,-0.21517785045923685
0.38519214897622656,-0.21517785045923685
3.260782805307166,-0.022447201217967706
3.260782805307166,-0.022447201217967706
3.260782805307166,-0.022447201217967706
-0.6467048120081034,-0.21149823279935712
-0.377228535572705,-0.21245915206085436
-0.377228535572705,-0.21245915206085436
-1.1047716500259022,-0.05052685168664355
-1.1047716500259022,-0.05052685168664355
-1.1047716500259022,-0.05052685168664355
-1.1047716500259022,-0.05052685168664355
-1.4269550593288245,-0.04937798527127935
-0.47756189608034005,0.20843481622823853
-1.4269550593288245,-0.04937798527127935
-1.4269550593288245,-0.04937798527127935
-1.4269550593288245,-0.04937798527127935
-0.09635155380587418,0.2070754670290473
-1.4269550593288245,-0.04937798527127935
-1.4269550593288245,-0.04937798527127935
-1.4269550593288245,-0.04937798527127935
-1.3939657027858419,-0.0494956212596709
-1.6513079630215222,-0.04857797040769698
-1.6513079630215222,-0.04857797040769698
-1.3479575580285788,-0.049659680645780184
-1.3479575580285788,-0.049659680645780184
0.006550817644257719,-0.1127032598178413
0.006550817644257719,-0.1127032598178413
-1.4269550593288245,-0.04937798527127935
0.5411898806876292,0.20480207267867576
0.5411898806876292,0.20480207267867576
0.2980039726849526,0.20566924371953912
-1.709766113983704,-0.048369515830566374
-1.709766113983704,-0.048369515830566374
